date,cape
1881-01,18.474
1881-02,18.1473
1881-03,18.2701
1881-04,17.9501
1881-05,18.8697
1881-06,19.0287
1881-07,18.1164
1881-08,17.2862
1881-09,16.7248
1881-10,16.262
1881-11,16.4786
1881-12,15.9588
1882-01,15.6788
1882-02,15.1539
1882-03,15.0917
1882-04,14.917
1882-05,14.5671
1882-06,14.3274
1882-07,15.2406
1882-08,15.5254
1882-09,16.0811
1882-10,15.7556
1882-11,15.1927
1882-12,15.3821
1883-01,15.2703
1883-02,14.7576
1883-03,15.0513
1883-04,15.4821
1883-05,15.3355
1883-06,15.9034
1883-07,15.9488
1883-08,15.1968
1883-09,15.4947
1883-10,15.0481
1883-11,15.4082
1883-12,14.8964
1884-01,14.4328
1884-02,14.806
1884-03,14.736
1884-04,14.3535
1884-05,13.4651
1884-06,12.9069
1884-07,13.0439
1884-08,13.8598
1884-09,13.5692
1884-10,13.2733
1884-11,13.3044
1884-12,13.4323
1885-01,13.1298
1885-02,13.3848
1885-03,13.7342
1885-04,13.5485
1885-05,13.7114
1885-06,13.9788
1885-07,14.3267
1885-08,15.1304
1885-09,15.1163
1885-10,15.991
1885-11,16.824
1885-12,16.3045
1886-01,16.6923
1886-02,17.0066
1886-03,16.8433
1886-04,16.8017
1886-05,16.8632
1886-06,17.8315
1886-07,17.8458
1886-08,17.7239
1886-09,18.1471
1886-10,18.5624
1886-11,18.9683
1886-12,18.1941
1887-01,17.5122
1887-02,17.1254
1887-03,17.4732
1887-04,17.823
1887-05,18.0754
1887-06,17.7077
1887-07,17.4315
1887-08,16.7398
1887-09,16.6766
1887-10,15.8807
1887-11,15.9507
1887-12,15.4555
1888-01,15.3587
1888-02,15.4182
1888-03,14.809
1888-04,15.0201
1888-05,15.3879
1888-06,15.0776
1888-07,15.2796
1888-08,15.6029
1888-09,15.9878
1888-10,15.7159
1888-11,15.2237
1888-12,14.9467
1889-01,15.8023
1889-02,16.1927
1889-03,16.065
1889-04,16.0501
1889-05,16.9154
1889-06,17.2193
1889-07,16.8892
1889-08,17.1319
1889-09,17.3508
1889-10,17.0532
1889-11,16.906
1889-12,16.6103
1890-01,17.2201
1890-02,17.0268
1890-03,16.9011
1890-04,17.2579
1890-05,17.7864
1890-06,17.6844
1890-07,17.5893
1890-08,16.5968
1890-09,16.1697
1890-10,15.4828
1890-11,14.745
1890-12,14.443
1891-01,15.429
1891-02,15.4765
1891-03,15.0516
1891-04,15.4089
1891-05,15.5665
1891-06,15.6582
1891-07,15.6179
1891-08,16.164
1891-09,17.7113
1891-10,17.7166
1891-11,17.6717
1891-12,18.2063
1892-01,19.0164
1892-02,19.0364
1892-03,19.7381
1892-04,19.9433
1892-05,19.9115
1892-06,19.7693
1892-07,19.2119
1892-08,19.2043
1892-09,18.6943
1892-10,19.0402
1892-11,18.4633
1892-12,18.013
1893-01,17.6566
1893-02,17.1252
1893-03,16.8996
1893-04,17.1025
1893-05,15.781
1893-06,15.4165
1893-07,14.3499
1893-08,14.5881
1893-09,15.0121
1893-10,15.2718
1893-11,15.9424
1893-12,15.6127
1894-01,15.7399
1894-02,16.2027
1894-03,17.1876
1894-04,17.4348
1894-05,16.8088
1894-06,16.6063
1894-07,16.2897
1894-08,16.4578
1894-09,16.5223
1894-10,16.5029
1894-11,16.5428
1894-12,16.6725
1895-01,16.5244
1895-02,16.3312
1895-03,16.3646
1895-04,16.3875
1895-05,17.0804
1895-06,17.2074
1895-07,17.546
1895-08,18.0741
1895-09,18.2003
1895-10,17.9447
1895-11,17.343
1895-12,16.5484
1896-01,16.5762
1896-02,17.5154
1896-03,17.2324
1896-04,17.6437
1896-05,17.8283
1896-06,17.7776
1896-07,16.6371
1896-08,15.7034
1896-09,16.5443
1896-10,16.4389
1896-11,17.0894
1896-12,16.5014
1897-01,17.0265
1897-02,16.894
1897-03,16.958
1897-04,16.6969
1897-05,17.0478
1897-06,17.8505
1897-07,18.652
1897-08,19.0064
1897-09,19.3724
1897-10,19.028
1897-11,18.3584
1897-12,18.7488
1898-01,19.249
1898-02,18.9181
1898-03,18.0422
1898-04,17.7051
1898-05,17.5956
1898-06,19.5448
1898-07,19.8589
1898-08,20.5449
1898-09,20.4427
1898-10,19.9472
1898-11,20.5274
1898-12,21.4036
1899-01,22.9328
1899-02,23.0481
1899-03,23.2797
1899-04,23.1524
1899-05,22.0913
1899-06,21.2121
1899-07,21.5614
1899-08,21.7262
1899-09,20.5911
1899-10,20.1537
1899-11,20.1965
1899-12,18.5126
1900-01,18.6743
1900-02,18.7038
1900-03,18.7758
1900-04,18.9364
1900-05,18.4032
1900-06,17.9927
1900-07,17.6895
1900-08,18.0696
1900-09,17.3419
1900-10,18.1024
1900-11,19.4196
1900-12,20.7441
1901-01,20.9786
1901-02,21.6791
1901-03,22.3476
1901-04,24.4097
1901-05,23.064
1901-06,25.2385
1901-07,23.1448
1901-08,23.0772
1901-09,22.5905
1901-10,22.2529
1901-11,22.3751
1901-12,21.6802
1902-01,22.3403
1902-02,22.46
1902-03,22.4107
1902-04,22.8231
1902-05,22.428
1902-06,21.9637
1902-07,22.3857
1902-08,23.1687
1902-09,22.8566
1902-10,20.6044
1902-11,20.4085
1902-12,19.6332
1903-01,20.3181
1903-02,20.1071
1903-03,19.8846
1903-04,18.98
1903-05,18.9549
1903-06,17.8186
1903-07,16.9182
1903-08,16.2991
1903-09,15.6544
1903-10,15.2529
1903-11,15.4079
1903-12,16.0429
1904-01,15.8618
1904-02,15.0215
1904-03,15.0819
1904-04,15.5655
1904-05,15.5258
1904-06,15.4744
1904-07,16.0364
1904-08,16.3047
1904-09,16.7426
1904-10,17.6332
1904-11,18.0762
1904-12,18.1597
1905-01,18.4599
1905-02,19.169
1905-03,19.8315
1905-04,19.4829
1905-05,18.6295
1905-06,18.7359
1905-07,19.2059
1905-08,19.5733
1905-09,19.7435
1905-10,19.8974
1905-11,19.4435
1905-12,19.578
1906-01,20.1324
1906-02,19.8668
1906-03,19.2595
1906-04,18.8762
1906-05,18.054
1906-06,18.1727
1906-07,18.1952
1906-08,18.9673
1906-09,19.201
1906-10,18.0954
1906-11,18.1419
1906-12,17.66
1907-01,17.2189
1907-02,16.2171
1907-03,14.6875
1907-04,14.6697
1907-05,13.7901
1907-06,13.1443
1907-07,13.585
1907-08,12.5135
1907-09,12.3286
1907-10,10.8318
1907-11,10.5912
1907-12,11.3333
1908-01,11.903
1908-02,11.5548
1908-03,11.9847
1908-04,12.4489
1908-05,13.0785
1908-06,13.0517
1908-07,13.3455
1908-08,13.8842
1908-09,13.7014
1908-10,13.6908
1908-11,14.435
1908-12,14.5825
1909-01,14.7644
1909-02,14.1672
1909-03,14.3361
1909-04,14.6452
1909-05,14.9535
1909-06,15.0404
1909-07,15.2315
1909-08,15.4176
1909-09,15.2544
1909-10,14.9888
1909-11,14.7456
1909-12,14.7506
1910-01,14.5479
1910-02,14.002
1910-03,14.05
1910-04,13.5599
1910-05,13.5688
1910-06,13.0197
1910-07,12.3426
1910-08,12.7451
1910-09,12.9372
1910-10,13.9189
1910-11,14.1645
1910-12,13.7415
1911-01,14.0492
1911-02,14.7215
1911-03,14.3706
1911-04,14.7529
1911-05,15.0477
1911-06,15.3284
1911-07,15.0831
1911-08,13.8998
1911-09,12.998
1911-10,13.0665
1911-11,13.728
1911-12,13.9293
1912-01,13.795
1912-02,13.5316
1912-03,13.6398
1912-04,13.6544
1912-05,13.6455
1912-06,13.7854
1912-07,13.8029
1912-08,13.9848
1912-09,13.9263
1912-10,13.9051
1912-11,13.7495
1912-12,13.389
1913-01,13.1481
1913-02,12.683
1913-03,12.4435
1913-04,12.4331
1913-05,12.2214
1913-06,11.492
1913-07,11.534
1913-08,11.8468
1913-09,11.8433
1913-10,11.4715
1913-11,11.0725
1913-12,11.174
1914-01,11.6361
1914-02,11.9102
1914-03,11.6855
1914-04,11.5227
1914-05,11.479
1914-06,11.4287
1914-07,10.6943
1914-08,10.492
1914-09,10.5005
1914-10,10.6128
1914-11,10.5169
1914-12,10.1722
1915-01,10.3598
1915-02,10.3298
1915-03,10.707
1915-04,11.4011
1915-05,11.0269
1915-06,11.1543
1915-07,11.1136
1915-08,11.5848
1915-09,12.0116
1915-10,12.5491
1915-11,12.8577
1915-12,12.8784
1916-01,12.5436
1916-02,12.3547
1916-03,12.1771
1916-04,11.9065
1916-05,12.0263
1916-06,11.996
1916-07,11.7912
1916-08,11.7321
1916-09,11.9446
1916-10,12.0457
1916-11,12.0532
1916-12,11.4136
1917-01,10.9924
1917-02,10.0632
1917-03,10.3272
1917-04,9.6445
1917-05,9.139
1917-06,9.1482
1917-07,9.0035
1917-08,8.5727
1917-09,7.9508
1917-10,7.3871
1917-11,6.753
1917-12,6.4126
1918-01,6.6406
1918-02,6.7843
1918-03,6.6864
1918-04,6.5207
1918-05,6.5824
1918-06,6.4963
1918-07,6.3713
1918-08,6.3031
1918-09,6.1492
1918-10,6.2905
1918-11,6.3333
1918-12,6.1346
1919-01,6.0985
1919-02,6.2397
1919-03,6.3561
1919-04,6.4561
1919-05,6.829
1919-06,7.0216
1919-07,7.0528
1919-08,6.4791
1919-09,6.5585
1919-10,6.7947
1919-11,6.467
1919-12,6.1607
1920-01,5.9897
1920-02,5.4553
1920-03,5.7988
1920-04,5.5999
1920-05,5.189
1920-06,5.0436
1920-07,5.0806
1920-08,5.0207
1920-09,5.2972
1920-10,5.3512
1920-11,5.1264
1920-12,4.7842
1921-01,5.1222
1921-02,5.2749
1921-03,5.1923
1921-04,5.2971
1921-05,5.6095
1921-06,5.2161
1921-07,5.1978
1921-08,5.1613
1921-09,5.3775
1921-10,5.4793
1921-11,5.8382
1921-12,6.1142
1922-01,6.2871
1922-02,6.4613
1922-03,6.8214
1922-04,7.2733
1922-05,7.5935
1922-06,7.558
1922-07,7.6021
1922-08,8.02
1922-09,8.2651
1922-10,8.4322
1922-11,7.9983
1922-12,7.9647
1923-01,8.1542
1923-02,8.5334
1923-03,8.7007
1923-04,8.3728
1923-05,8.0005
1923-06,7.6718
1923-07,7.346
1923-08,7.4418
1923-09,7.4582
1923-10,7.3174
1923-11,7.5463
1923-12,7.8097
1924-01,8.0722
1924-02,8.1621
1924-03,8.0581
1924-04,7.9236
1924-05,7.8997
1924-06,8.0517
1924-07,8.3777
1924-08,8.7174
1924-09,8.5817
1924-10,8.4195
1924-11,8.8883
1924-12,9.3106
1925-01,9.6926
1925-02,9.8308
1925-03,9.5185
1925-04,9.4766
1925-05,9.729
1925-06,9.7964
1925-07,9.964
1925-08,10.1109
1925-09,10.3592
1925-10,10.7185
1925-11,10.8863
1925-12,11.1474
1926-01,11.341
1926-02,11.3894
1926-03,10.7124
1926-04,10.3956
1926-05,10.5752
1926-06,11.198
1926-07,11.8697
1926-08,12.4888
1926-09,12.6926
1926-10,12.4265
1926-11,12.6153
1926-12,13.0091
1927-01,13.1859
1927-02,13.634
1927-03,14.0333
1927-04,14.4882
1927-05,15.0023
1927-06,15.1203
1927-07,15.8208
1927-08,16.8629
1927-09,17.8187
1927-10,17.5372
1927-11,18.1313
1927-12,18.6466
1928-01,18.8061
1928-02,18.8689
1928-03,19.9434
1928-04,21.2579
1928-05,21.8327
1928-06,20.9134
1928-07,21.0819
1928-08,21.7621
1928-09,23.0046
1928-10,23.5783
1928-11,25.122
1928-12,25.3016
1929-01,27.0832
1929-02,27.1317
1929-03,27.6757
1929-04,27.5685
1929-05,27.6986
1929-06,27.9355
1929-07,29.9333
1929-08,31.4803
1929-09,32.5638
1929-10,28.9611
1929-11,21.171
1929-12,22.0074
1930-01,22.3107
1930-02,23.6971
1930-03,24.5866
1930-04,25.8434
1930-05,24.3098
1930-06,21.8669
1930-07,21.5488
1930-08,21.3006
1930-09,21.0726
1930-10,18.2149
1930-11,16.9397
1930-12,16.055
1931-01,16.7055
1931-02,18.1615
1931-03,18.5796
1931-04,16.8723
1931-05,15.4015
1931-06,15.0625
1931-07,15.5168
1931-08,15.0063
1931-09,12.8177
1931-10,11.1459
1931-11,11.4156
1931-12,9.306
1932-01,9.3124
1932-02,9.3369
1932-03,9.4131
1932-04,7.1922
1932-05,6.3909
1932-06,5.5651
1932-07,5.8388
1932-08,8.8347
1932-09,9.7612
1932-10,8.4786
1932-11,8.4633
1932-12,8.2571
1933-01,8.728
1933-02,7.8261
1933-03,7.8747
1933-04,8.7231
1933-05,11.2497
1933-06,13.0989
1933-07,13.7543
1933-08,12.9995
1933-09,12.9229
1933-10,11.6963
1933-11,12.0118
1933-12,12.2818
1934-01,13.0251
1934-02,13.9269
1934-03,13.2545
1934-04,13.5184
1934-05,12.1816
1934-06,12.2877
1934-07,11.7415
1934-08,11.315
1934-09,10.91
1934-10,11.1084
1934-11,11.4488
1934-12,11.6393
1935-01,11.4959
1935-02,11.0878
1935-03,10.3983
1935-04,11.1042
1935-05,11.9856
1935-06,12.5395
1935-07,13.2021
1935-08,14.1051
1935-09,14.4189
1935-10,14.8262
1935-11,16.1296
1935-12,16.1592
1936-01,17.0874
1936-02,18.1045
1936-03,18.6605
1936-04,18.719
1936-05,17.7502
1936-06,18.393
1936-07,19.3605
1936-08,19.6231
1936-09,19.862
1936-10,20.9131
1936-11,21.4998
1936-12,21.1257
1937-01,21.6187
1937-02,22.2442
1937-03,22.0422
1937-04,20.5566
1937-05,19.4742
1937-06,18.7117
1937-07,19.6467
1937-08,19.807
1937-09,16.8479
1937-10,14.3617
1937-11,13.1581
1937-12,13.0085
1938-01,13.5115
1938-02,13.2631
1938-03,12.3773
1938-04,11.7895
1938-05,11.9923
1938-06,12.289
1938-07,14.7703
1938-08,14.9036
1938-09,14.2823
1938-10,16.0611
1938-11,16.1496
1938-12,15.7565
1939-01,15.5996
1939-02,15.6647
1939-03,15.7292
1939-04,13.917
1939-05,14.5029
1939-06,14.8338
1939-07,15.271
1939-08,15.1201
1939-09,16.4528
1939-10,16.8212
1939-11,16.5992
1939-12,16.2804
1940-01,16.3785
1940-02,16.2161
1940-03,16.1729
1940-04,16.371
1940-05,14.1387
1940-06,12.8438
1940-07,13.3699
1940-08,13.6494
1940-09,14.2148
1940-10,14.3283
1940-11,14.6367
1940-12,13.9084
1941-01,13.9042
1941-02,13.0029
1941-03,12.9557
1941-04,12.4294
1941-05,12.0372
1941-06,12.1643
1941-07,12.745
1941-08,12.4632
1941-09,12.2797
1941-10,11.5778
1941-11,10.9117
1941-12,10.0866
1942-01,10.1017
1942-02,9.6803
1942-03,9.0034
1942-04,8.5443
1942-05,8.5061
1942-06,8.9055
1942-07,9.1505
1942-08,9.0128
1942-09,9.0778
1942-10,9.5992
1942-11,9.6613
1942-12,9.6175
1943-01,10.1505
1943-02,10.709
1943-03,10.8505
1943-04,11.0392
1943-05,11.3622
1943-06,11.5167
1943-07,11.7742
1943-08,11.2105
1943-09,11.3363
1943-10,11.1873
1943-11,10.631
1943-12,10.7374
1944-01,11.0524
1944-02,10.9479
1944-03,11.2247
1944-04,10.9383
1944-05,11.1037
1944-06,11.5328
1944-07,11.7388
1944-08,11.5417
1944-09,11.3286
1944-10,11.5831
1944-11,11.4785
1944-12,11.6387
1945-01,11.9605
1945-02,12.3418
1945-03,12.3233
1945-04,12.6319
1945-05,13.0366
1945-06,13.1302
1945-07,12.867
1945-08,12.9154
1945-09,13.7983
1945-10,14.3747
1945-11,14.8477
1945-12,15.0203
1946-01,15.6232
1946-02,15.7617
1946-03,15.1349
1946-04,16.0408
1946-05,16.0137
1946-06,15.7732
1946-07,14.5081
1946-08,13.9849
1946-09,11.8413
1946-10,11.3876
1946-11,11.11
1946-12,11.3728
1947-01,11.4693
1947-02,11.9496
1947-03,11.2879
1947-04,10.9008
1947-05,10.7337
1947-06,11.0827
1947-07,11.6964
1947-08,11.3375
1947-09,10.8275
1947-10,11.1327
1947-11,10.9754
1947-12,10.6809
1948-01,10.4193
1948-02,9.9998
1948-03,10.1867
1948-04,10.7795
1948-05,11.241
1948-06,11.5839
1948-07,11.1346
1948-08,10.7236
1948-09,10.553
1948-10,10.8254
1948-11,10.2481
1948-12,10.1597
1949-01,10.2483
1949-02,9.8725
1949-03,9.9013
1949-04,9.7836
1949-05,9.6923
1949-06,9.0677
1949-07,9.605
1949-08,9.8513
1949-09,9.884
1949-10,10.1699
1949-11,10.2159
1949-12,10.5293
1950-01,10.7457
1950-02,10.9116
1950-03,10.9109
1950-04,11.178
1950-05,11.4615
1950-06,11.5541
1950-07,10.5397
1950-08,11.0406
1950-09,11.3374
1950-10,11.6624
1950-11,11.5422
1950-12,11.3067
1951-01,11.8958
1951-02,12.1415
1951-03,11.8416
1951-04,11.9511
1951-05,11.8639
1951-06,11.6157
1951-07,11.7782
1951-08,12.257
1951-09,12.445
1951-10,12.3095
1951-11,11.852
1951-12,12.1471
1952-01,12.5271
1952-02,12.3641
1952-03,12.3623
1952-04,12.2427
1952-05,12.2005
1952-06,12.4479
1952-07,12.6691
1952-08,12.6784
1952-09,12.4347
1952-10,12.1312
1952-11,12.4735
1952-12,12.934
1953-01,13.0108
1953-02,12.8593
1953-03,12.8348
1953-04,12.1639
1953-05,12.142
1953-06,11.6244
1953-07,11.7502
1953-08,11.7151
1953-09,11.1393
1953-10,11.3919
1953-11,11.6441
1953-12,11.7544
1954-01,12.0027
1954-02,12.2151
1954-03,12.4201
1954-04,12.9079
1954-05,13.312
1954-06,13.3579
1954-07,13.833
1954-08,14.0421
1954-09,14.3565
1954-10,14.6192
1954-11,15.1173
1954-12,15.7891
1955-01,15.9908
1955-02,16.4377
1955-03,16.2193
1955-04,16.6853
1955-05,16.5181
1955-06,17.3701
1955-07,18.454
1955-08,18.2223
1955-09,18.844
1955-10,17.7723
1955-11,18.8356
1955-12,18.9424
1956-01,18.2926
1956-02,18.2661
1956-03,19.3712
1956-04,19.3706
1956-05,18.5445
1956-06,18.1582
1956-07,18.8568
1956-08,18.6709
1956-09,17.8366
1956-10,17.419
1956-11,17.1203
1956-12,17.1975
1957-01,16.7178
1957-02,15.8437
1957-03,15.9004
1957-04,16.1237
1957-05,16.5981
1957-06,16.7299
1957-07,16.8689
1957-08,15.8689
1957-09,15.1573
1957-10,14.1495
1957-11,13.7362
1957-12,13.6732
1958-01,13.7884
1958-02,13.7849
1958-03,13.9256
1958-04,13.9135
1958-05,14.3238
1958-06,14.6356
1958-07,14.9575
1958-08,15.5446
1958-09,15.9319
1958-10,16.5598
1958-11,16.9889
1958-12,17.3584
1959-01,17.9803
1959-02,17.7592
1959-03,18.2009
1959-04,18.4308
1959-05,18.6927
1959-06,18.4486
1959-07,19.0905
1959-08,18.9588
1959-09,18.1233
1959-10,18.022
1959-11,18.0718
1959-12,18.6247
1960-01,18.3383
1960-02,17.5453
1960-03,17.286
1960-04,17.4298
1960-05,17.2562
1960-06,17.8234
1960-07,17.3768
1960-08,17.5821
1960-09,17.052
1960-10,16.6051
1960-11,17.1461
1960-12,17.5621
1961-01,18.4704
1961-02,19.234
1961-03,19.8442
1961-04,20.3828
1961-05,20.5986
1961-06,20.3324
1961-07,20.1466
1961-08,20.9417
1961-09,20.7052
1961-10,20.9242
1961-11,21.858
1961-12,22.0415
1962-01,21.1979
1962-02,21.4517
1962-03,21.4432
1962-04,20.6583
1962-05,19.0894
1962-06,16.8276
1962-07,17.1413
1962-08,17.5713
1962-09,17.3215
1962-10,16.7398
1962-11,17.8544
1962-12,18.5858
1963-01,19.2592
1963-02,19.4692
1963-03,19.2881
1963-04,20.1501
1963-05,20.5076
1963-06,20.3841
1963-07,19.9692
1963-08,20.4726
1963-09,20.9604
1963-10,20.8913
1963-11,20.7204
1963-12,21.0386
1964-01,21.6272
1964-02,21.8327
1964-03,22.1672
1964-04,22.4222
1964-05,22.5743
1964-06,22.3003
1964-07,22.9844
1964-08,22.6504
1964-09,22.8922
1964-10,23.2122
1964-11,23.225
1964-12,22.753
1965-01,23.2693
1965-02,23.3721
1965-03,23.2535
1965-04,23.4206
1965-05,23.7088
1965-06,22.3853
1965-07,22.3008
1965-08,22.666
1965-09,23.3741
1965-10,23.7757
1965-11,23.9255
1965-12,23.6941
1966-01,24.0585
1966-02,23.7
1966-03,22.6111
1966-04,23.1137
1966-05,21.8522
1966-06,21.5553
1966-07,21.3817
1966-08,19.9139
1966-09,19.1617
1966-10,18.8254
1966-11,19.7113
1966-12,19.7365
1967-01,20.4322
1967-02,21.0744
1967-03,21.4439
1967-04,21.686
1967-05,21.9485
1967-06,21.5521
1967-07,21.8042
1967-08,22.0306
1967-09,22.2191
1967-10,22.0682
1967-11,21.2631
1967-12,21.7516
1968-01,21.5115
1968-02,20.425
1968-03,19.9347
1968-04,21.2774
1968-05,21.6302
1968-06,22.0046
1968-07,21.7535
1968-08,21.1378
1968-09,21.6803
1968-10,22.0046
1968-11,22.1955
1968-12,22.2779
1969-01,21.195
1969-02,20.8957
1969-03,20.2023
1969-04,20.4286
1969-05,20.9723
1969-06,19.7133
1969-07,18.6817
1969-08,18.4295
1969-09,18.398
1969-10,18.4487
1969-11,18.4378
1969-12,17.3269
1970-01,17.0905
1970-02,16.3726
1970-03,16.5317
1970-04,15.8731
1970-05,13.9838
1970-06,13.7997
1970-07,13.7265
1970-08,14.1005
1970-09,14.8427
1970-10,15.0642
1970-11,14.9508
1970-12,15.8738
1971-01,16.4618
1971-02,17.0345
1971-03,17.4029
1971-04,17.9241
1971-05,17.5642
1971-06,17.0832
1971-07,16.8894
1971-08,16.5194
1971-09,16.8568
1971-10,16.4289
1971-11,15.6387
1971-12,16.6036
1972-01,17.263
1972-02,17.4641
1972-03,17.8056
1972-04,17.9152
1972-05,17.6626
1972-06,17.6409
1972-07,17.3987
1972-08,17.9434
1972-09,17.6139
1972-10,17.5332
1972-11,18.3389
1972-12,18.6457
1973-01,18.7125
1973-02,17.8899
1973-03,17.4121
1973-04,16.9357
1973-05,16.3143
1973-06,15.8083
1973-07,15.8895
1973-08,15.2785
1973-09,15.4753
1973-10,15.9135
1973-11,14.6518
1973-12,13.4933
1974-01,13.5307
1974-02,12.9573
1974-03,13.3104
1974-04,12.5504
1974-05,11.9954
1974-06,11.8885
1974-07,10.3941
1974-08,9.8242
1974-09,8.6804
1974-10,8.745
1974-11,8.949
1974-12,8.2891
1975-01,8.921
1975-02,9.7622
1975-03,10.1638
1975-04,10.2331
1975-05,10.8181
1975-06,11.0114
1975-07,10.9028
1975-08,10.0898
1975-09,9.9189
1975-10,10.3276
1975-11,10.4359
1975-12,10.2504
1976-01,11.1851
1976-02,11.5861
1976-03,11.6318
1976-04,11.6892
1976-05,11.5321
1976-06,11.5438
1976-07,11.7575
1976-08,11.598
1976-09,11.806
1976-10,11.3457
1976-11,11.2489
1976-12,11.5976
1977-01,11.438
1977-02,11.0148
1977-03,10.8957
1977-04,10.636
1977-05,10.5485
1977-06,10.53
1977-07,10.5677
1977-08,10.2684
1977-09,10.0677
1977-10,9.7667
1977-11,9.7663
1977-12,9.6783
1978-01,9.2415
1978-02,9.0453
1978-03,8.9504
1978-04,9.2626
1978-05,9.6349
1978-06,9.5497
1978-07,9.4255
1978-08,10.024
1978-09,9.9419
1978-10,9.5336
1978-11,8.9284
1978-12,9.0119
1979-01,9.2576
1979-02,9.0037
1979-03,9.0708
1979-04,9.1331
1979-05,8.7944
1979-06,8.8539
1979-07,8.8275
1979-08,9.1272
1979-09,9.1128
1979-10,8.6818
1979-11,8.5188
1979-12,8.7452
1980-01,8.8509
1980-02,9.0545
1980-03,8.0812
1980-04,7.844
1980-05,8.1042
1980-06,8.5121
1980-07,8.8809
1980-08,9.071
1980-09,9.196
1980-10,9.3578
1980-11,9.654
1980-12,9.3899
1981-01,9.2594
1981-02,8.8299
1981-03,9.0811
1981-04,9.0856
1981-05,8.8185
1981-06,8.7653
1981-07,8.4453
1981-08,8.3998
1981-09,7.5812
1981-10,7.6491
1981-11,7.8108
1981-12,7.8326
1982-01,7.3887
1982-02,7.1818
1982-03,6.9507
1982-04,7.2591
1982-05,7.1926
1982-06,6.6921
1982-07,6.6387
1982-08,6.6434
1982-09,7.3988
1982-10,7.9998
1982-11,8.3475
1982-12,8.4677
1983-01,8.7568
1983-02,8.9105
1983-03,9.2328
1983-04,9.5316
1983-05,9.8745
1983-06,10.0001
1983-07,10.0145
1983-08,9.7281
1983-09,9.9842
1983-10,10.0034
1983-11,9.8536
1983-12,9.815
1984-01,9.8949
1984-02,9.3245
1984-03,9.3267
1984-04,9.3056
1984-05,9.2318
1984-06,9.0102
1984-07,8.8683
1984-08,9.6231
1984-09,9.6873
1984-10,9.5951
1984-11,9.692
1984-12,9.5951
1985-01,9.997
1985-02,10.4949
1985-03,10.3732
1985-04,10.3971
1985-05,10.6081
1985-06,10.81
1985-07,10.9976
1985-08,10.7388
1985-09,10.4712
1985-10,10.5525
1985-11,11.1646
1985-12,11.6905
1986-01,11.715
1986-02,12.3882
1986-03,13.189
1986-04,13.5525
1986-05,13.56
1986-06,13.8887
1986-07,13.62
1986-08,13.8877
1986-09,13.4673
1986-10,13.4259
1986-11,13.873
1986-12,14.0851
1987-01,14.9222
1987-02,15.8223
1987-03,16.4333
1987-04,16.1965
1987-05,16.1603
1987-06,16.8252
1987-07,17.306
1987-08,18.3269
1987-09,17.6756
1987-10,15.5301
1987-11,13.5909
1987-12,13.389
1988-01,13.8983
1988-02,14.2983
1988-03,14.6689
1988-04,14.4333
1988-05,14.0319
1988-06,14.7665
1988-07,14.6083
1988-08,14.2449
1988-09,14.3694
1988-10,14.8115
1988-11,14.4455
1988-12,14.7021
1989-01,15.0881
1989-02,15.4671
1989-03,15.299
1989-04,15.6867
1989-05,16.1864
1989-06,16.6419
1989-07,17.0134
1989-08,17.7343
1989-09,17.7142
1989-10,17.6409
1989-11,17.2424
1989-12,17.6502
1990-01,17.0488
1990-02,16.5081
1990-03,16.8337
1990-04,16.8139
1990-05,17.3924
1990-06,17.8171
1990-07,17.7472
1990-08,16.1683
1990-09,15.3013
1990-10,14.8181
1990-11,15.1876
1990-12,15.8463
1991-01,15.6062
1991-02,17.3547
1991-03,17.8186
1991-04,18.1553
1991-05,18.0354
1991-06,18.0152
1991-07,18.1035
1991-08,18.5123
1991-09,18.3573
1991-10,18.3492
1991-11,18.2889
1991-12,18.4417
1992-01,19.7731
1992-02,19.583
1992-03,19.2836
1992-04,19.3012
1992-05,19.6623
1992-06,19.3154
1992-07,19.6207
1992-08,19.7221
1992-09,19.7088
1992-10,19.3703
1992-11,19.8337
1992-12,20.4486
1993-01,20.3234
1993-02,20.5453
1993-03,20.8552
1993-04,20.4574
1993-05,20.5176
1993-06,20.6084
1993-07,20.5646
1993-08,20.8122
1993-09,20.9935
1993-10,21.1092
1993-11,21.0379
1993-12,21.1647
1994-01,21.412
1994-02,21.2638
1994-03,20.8334
1994-04,20.0553
1994-05,20.1965
1994-06,20.2908
1994-07,20.068
1994-08,20.5355
1994-09,20.5765
1994-10,20.3958
1994-11,20.2095
1994-12,19.9115
1995-01,20.2191
1995-02,20.8026
1995-03,21.1527
1995-04,21.6427
1995-05,22.1954
1995-06,22.7184
1995-07,23.3764
1995-08,23.2841
1995-09,23.946
1995-10,23.9268
1995-11,24.3476
1995-12,25.0274
1996-01,24.7625
1996-02,25.9761
1996-03,25.6299
1996-04,25.4242
1996-05,25.814
1996-06,25.9667
1996-07,24.8584
1996-08,25.4125
1996-09,25.6801
1996-10,26.4835
1996-11,27.5856
1996-12,27.7239
1997-01,28.3329
1997-02,29.2656
1997-03,28.8025
1997-04,27.5852
1997-05,29.9284
1997-06,31.2566
1997-07,32.7666
1997-08,32.5863
1997-09,32.6666
1997-10,32.9015
1997-11,32.3366
1997-12,33.0308
1998-01,32.86
1998-02,34.7097
1998-03,36.2969
1998-04,37.2769
1998-05,36.9566
1998-06,36.8023
1998-07,38.2596
1998-08,35.4234
1998-09,33.5324
1998-10,33.7731
1998-11,37.3694
1998-12,38.8203
1999-01,40.577
1999-02,40.4002
1999-03,41.3561
1999-04,42.7045
1999-05,42.5567
1999-06,42.1807
1999-07,43.828
1999-08,41.9307
1999-09,41.3235
1999-10,40.5529
1999-11,43.2083
1999-12,44.1979
2000-01,43.7726
2000-02,42.1856
2000-03,43.2207
2000-04,43.5286
2000-05,41.9661
2000-06,42.782
2000-07,42.7581
2000-08,42.8696
2000-09,41.898
2000-10,39.3697
2000-11,38.7821
2000-12,37.2742
2001-01,36.9789
2001-02,35.8347
2001-03,32.3258
2001-04,32.1739
2001-05,34.0746
2001-06,33.0685
2001-07,32.163
2001-08,31.4043
2001-09,27.6674
2001-10,28.5774
2001-11,30.0051
2001-12,30.5
2002-01,30.2772
2002-02,29.0857
2002-03,30.2921
2002-04,29.0059
2002-05,28.1281
2002-06,26.3877
2002-07,23.4631
2002-08,23.5887
2002-09,22.365
2002-10,21.9562
2002-11,23.3484
2002-12,23.1014
2003-01,22.8983
2003-02,21.2141
2003-03,21.3097
2003-04,22.4279
2003-05,23.5911
2003-06,24.8322
2003-07,24.8673
2003-08,24.6423
2003-09,25.2437
2003-10,25.6828
2003-11,25.9468
2003-12,26.6352
2004-01,27.6585
2004-02,27.6509
2004-03,26.8865
2004-04,26.9006
2004-05,25.9028
2004-06,26.4013
2004-07,25.6959
2004-08,25.1745
2004-09,25.6684
2004-10,25.4117
2004-11,26.4653
2004-12,27.1448
2005-01,26.5873
2005-02,26.7449
2005-03,26.3391
2005-04,25.4089
2005-05,25.6502
2005-06,26.0684
2005-07,26.2879
2005-08,26.1044
2005-09,25.7301
2005-10,24.8765
2005-11,25.9318
2005-12,26.4438
2006-01,26.4687
2006-02,26.2496
2006-03,26.3278
2006-04,26.1473
2006-05,25.6506
2006-06,24.7496
2006-07,24.6968
2006-08,25.0514
2006-09,25.6442
2006-10,26.538
2006-11,26.928
2006-12,27.2827
2007-01,27.2075
2007-02,27.3152
2007-03,26.2276
2007-04,26.9763
2007-05,27.5485
2007-06,27.4183
2007-07,27.4101
2007-08,26.1486
2007-09,26.7257
2007-10,27.3206
2007-11,25.7291
2007-12,25.9555
2008-01,24.0223
2008-02,23.4953
2008-03,22.6068
2008-04,23.356
2008-05,23.6964
2008-06,22.4168
2008-07,20.9072
2008-08,21.4016
2008-09,20.3627
2008-10,16.3874
2008-11,15.2597
2008-12,15.3761
2009-01,15.1747
2009-02,14.1222
2009-03,13.3237
2009-04,14.9819
2009-05,15.9964
2009-06,16.3842
2009-07,16.6946
2009-08,18.0941
2009-09,18.8319
2009-10,19.358
2009-11,19.8128
2009-12,20.3224
2010-01,20.5279
2010-02,19.9205
2010-03,21.0046
2010-04,21.8048
2010-05,20.4801
2010-06,19.742
2010-07,19.6687
2010-08,19.7703
2010-09,20.3814
2010-10,21.2401
2010-11,21.7007
2010-12,22.3964
2011-01,22.9783
2011-02,23.4898
2011-03,22.8993
2011-04,23.1439
2011-05,23.0595
2011-06,22.1008
2011-07,22.611
2011-08,20.0499
2011-09,19.6981
2011-10,20.1558
2011-11,20.3452
2011-12,20.5236
2012-01,21.213
2012-02,21.7974
2012-03,22.0539
2012-04,21.7792
2012-05,20.9415
2012-06,20.5475
2012-07,20.9993
2012-08,21.4104
2012-09,21.7837
2012-10,21.5771
2012-11,20.8982
2012-12,21.2383
2013-01,21.9005
2013-02,22.0527
2013-03,22.4192
2013-04,22.5957
2013-05,23.4118
2013-06,22.9253
2013-07,23.4925
2013-08,23.3566
2013-09,23.4423
2013-10,23.8347
2013-11,24.6421
2013-12,24.8619
2014-01,24.8596
2014-02,24.5909
2014-03,24.956
2014-04,24.7863
2014-05,24.9433
2014-06,25.558
2014-07,25.8175
2014-08,25.6176
2014-09,25.9184
2014-10,25.1627
2014-11,26.6068
2014-12,26.7941
2015-01,26.4923
2015-02,26.9955
2015-03,26.7286
2015-04,26.7914
2015-05,26.8061
2015-06,26.4959
2015-07,26.3811
2015-08,25.6937
2015-09,24.4968
2015-10,25.4914
2015-11,26.2259
2015-12,25.9654
2016-01,24.2062
2016-02,24.0026
2016-03,25.3723
2016-04,25.9223
2016-05,25.6947
2016-06,25.8404
2016-07,26.694
2016-08,26.9489
2016-09,26.7279
2016-10,26.5251
2016-11,26.851
2016-12,27.8651
2017-01,28.0636
2017-02,28.6551
2017-03,29.0869
2017-04,28.9042
2017-05,29.3133
2017-06,29.7485
2017-07,30.0022
2017-08,29.915
2017-09,30.1681
2017-10,30.9204
2017-11,31.2989
2017-12,32.0861
2018-01,33.3073
2018-02,32.0354
2018-03,31.8084
2018-04,30.9702
2018-05,31.2436
2018-06,31.6306
2018-07,31.8864
2018-08,32.3903
2018-09,32.6229
2018-10,31.038
2018-11,30.1956
2018-12,28.2919
2019-01,28.3802
2019-02,29.5415
2019-03,29.5762
2019-04,30.1335
2019-05,29.242
2019-06,29.2838
2019-07,29.9867
2019-08,28.7054
2019-09,29.2295
2019-10,28.8411
2019-11,29.8369
2019-12,30.3318
2020-01,30.9852
2020-02,30.7297
2020-03,24.8172
2020-04,25.9274
2020-05,27.3285
2020-06,28.8383
2020-07,29.5992
2020-08,31.1582
2020-09,30.8394
2020-10,31.2837
2020-11,32.4732
2020-12,33.7656
2021-01,34.5124
2021-02,35.1039
2021-03,35.0425
2021-04,36.7198
2021-05,36.5521
2021-06,36.6963
2021-07,37.4434
2021-08,37.9735
2021-09,37.6203
2021-10,37.253
2021-11,38.5826
2021-12,38.3048
2022-01,36.9368
2022-02,35.2871
2022-03,34.2708
2022-04,33.8892
2022-05,30.6732
2022-06,29.0477
2022-07,29.0046
2022-08,30.6988
2022-09,28.2299
2022-10,27.0808
2022-11,28.3789
2022-12,28.3169
2023-01,28.3348
2023-02,28.9198
2023-03,27.9381
2023-04,28.7648
2023-05,28.7621
2023-06,29.94
2023-07,30.8917
2023-08,30.3047
2023-09,29.7997
2023-10,28.7691
2023-11,30.0132
2023-12,31.4523
2024-01,32.0451
2024-02,33.0372
2024-03,33.7549
2024-04,33.1416
2024-05,33.7736
2024-06,34.8105
2024-07,35.4436
2024-08,34.9196
2024-09,35.6602
2024-10,36.5872
2024-11,37.3502
2024-12,37.7112
2025-01,37.1292
2025-02,37.1872
2025-03,34.7848
2025-04,32.6213
2025-05,35.0767
2025-06,36.1111
2025-07,37.4742
2025-08,37.8461
2025-09,38.5804
2025-10,39.2057
2025-11,39.1417
2025-12,39.5579
2026-01,39.5936
2026-02,38.9329
2026-03,36.9113
2026-04,37.9596
2026-05,39.8773
2026-06,39.6462
2026-07,39.4581
