peak_date,trough_date,decline_pct,price_methodology,severity_tier,primary_types,tuning_eligible,exclusion_reason,notes
1929-09,not computed,"see notes","CAPE-mania-only, no price confirmation (Shiller price is a monthly average, not point-in-time, see 2026-08-10 finding)","Major (widely documented ~-86% top-to-bottom, not computed via this pipeline)",valuation,yes,,"Real second valuation-type instance. CAPE mania builds to 10 months by the Sept 1929 peak (tier 2 ORANGE-equivalent, caps below tier 3 without price confirmation). Corroborates 2000-01's own build-then-confirm shape independently."
1973-01,not computed,"worst-12mo -30.2% (Jan 1974 onset) / -25.2% (May 1974 onset)","FEDFUNDS/CPI/M2 only, no price confirmation (same Shiller-price caveat as 1929)","Major (real ~-48% top-to-bottom historically, not computed via this pipeline)",monetary_shock,yes,,"Third real monetary-shock instance joining 1980/1981-82. fedFundsShockInTrailing6mo fires July 1973 (three months before the Oct 1973 OPEC embargo); realM2Growth confirms Jan 1974. Purely lagging for this cycle (fires 6-15 months after the real Jan 1973 peak) - real, honest, zero lead time here specifically."
1976-12,1978-02,-19.0%,SP500_monthly point-in-time,Moderate,none (no type builds in the window),no,exogenous-reactive-only; no real economic type identified,The chronically rough late-1970s stagflation era. Reactive-exogenous flag only fires because nothing else is active, not evidence this is a real exogenous-mechanism crash. Kept for reference, not usable as a positive instance for any type.
1980-01,1980-03,-10.6%,SP500_monthly point-in-time,Minor,monetary_shock,yes,,Volcker Shock. Matches established convention exactly; credit_type_score correctly discounted to 0 by Rule 4 (Fed-shock-during-buildup gate).
1980-11,1982-07,-23.8%,SP500_monthly point-in-time,Moderate,monetary_shock,yes,,1981-82 Double Dip. All three real monetary-shock paths active (fedfunds, real_m2, hollow_or_shock_now/bond_vigilante).
1983-06,1984-05,-10.2%,SP500_monthly point-in-time,Minor,credit (weak),secondary,mild and quick-recovering; do not let this block tuning validated against major instances,credit_type_score=1 briefly (Sept-Dec 1983 only). Real but weak. Not previously cataloged anywhere in DECISIONS.md.
1987-08,1987-11,-30.2%,SP500_monthly point-in-time,Major,exogenous,no,exogenous - cannot be predicted per Bill's standing rule,Black Monday. Raw credit_type_score=2 at peak is the KNOWN pre-1991 data-gap artifact (no TDSP/CC-delinquency data exists to corroborate or refute), not real credit evidence. exogenous_type_score itself doesn't fire because this same gap contaminates its own independence gate - documented, accepted limitation, not a bug.
1990-05,1990-10,-15.8%,SP500_monthly point-in-time,Moderate,credit,yes,,S&L Crisis. Real monthly-close peak is May 1990; the conventionally-cited July 1990 peak comes from daily/intraday sources, a data-granularity difference, not an error.
1998-06,1998-08,-15.6%,SP500_monthly point-in-time,Moderate,none (false alarm),no,false alarm per Bill's direction - LTCM/Russia flash panic; raw valuation=2 reading is CAPE mania's own later 2000-01 lead overlapping this window coincidentally not real 1998-specific signal (already documented in DECISIONS.md),Fully recovered within months. No real economic type validated. Excluded from all type tuning.
2000-08,2002-09,-46.3%,SP500_monthly point-in-time,Major,"credit, valuation",yes,,Dot-Com Bust. Real established mixed signature (valuation dominant score 3, credit corroborates score 2 via savings/CC-delinquency).
2007-10,2009-02,-52.6%,SP500_monthly point-in-time,Major,credit,yes,,Financial Crisis. credit_type_score=2 at peak, matches established convention exactly.
2018-09,2018-12,-14.0%,SP500_monthly point-in-time,Minor,none,no,no real type identified anywhere in the peak-to-trough window,Q4 2018 selloff (Fed-hike-fear/trade-war sentiment). Genuinely nothing active across the entire window, not just the peak month.
2019-12,2020-03,-20.0%,SP500_monthly point-in-time,Moderate,exogenous,no,exogenous - cannot be predicted per Bill's standing rule,COVID. Nothing elevated in the prior 12 months, matches established convention exactly.
2021-12,2022-09,-24.8%,SP500_monthly point-in-time,Moderate,"credit, monetary_shock, oil_shock",yes,,"2022 bear market. Real multi-type story developing through the decline: credit=1 throughout; bond_vigilante fires exactly 2022-04 (matches the 2026-08-14 live-app finding); real_m2 and oil_shock join by summer 2022."
