observation_date,NFCICREDIT
1971-01-08,-1.102
1971-01-15,-1.104
1971-01-22,-1.107
1971-01-29,-1.112
1971-02-05,-1.119
1971-02-12,-1.129
1971-02-19,-1.142
1971-02-26,-1.160
1971-03-05,-1.181
1971-03-12,-1.208
1971-03-19,-1.240
1971-03-26,-1.277
1971-04-02,-1.320
1971-04-09,-1.367
1971-04-16,-1.418
1971-04-23,-1.472
1971-04-30,-1.527
1971-05-07,-1.583
1971-05-14,-1.638
1971-05-21,-1.691
1971-05-28,-1.739
1971-06-04,-1.783
1971-06-11,-1.820
1971-06-18,-1.850
1971-06-25,-1.872
1971-07-02,-1.886
1971-07-09,-1.891
1971-07-16,-1.886
1971-07-23,-1.873
1971-07-30,-1.851
1971-08-06,-1.821
1971-08-13,-1.784
1971-08-20,-1.742
1971-08-27,-1.696
1971-09-03,-1.648
1971-09-10,-1.600
1971-09-17,-1.552
1971-09-24,-1.507
1971-10-01,-1.466
1971-10-08,-1.431
1971-10-15,-1.402
1971-10-22,-1.380
1971-10-29,-1.365
1971-11-05,-1.359
1971-11-12,-1.361
1971-11-19,-1.370
1971-11-26,-1.388
1971-12-03,-1.412
1971-12-10,-1.443
1971-12-17,-1.480
1971-12-24,-1.521
1971-12-31,-1.567
1972-01-07,-1.617
1972-01-14,-1.668
1972-01-21,-1.721
1972-01-28,-1.775
1972-02-04,-1.829
1972-02-11,-1.881
1972-02-18,-1.931
1972-02-25,-1.979
1972-03-03,-2.024
1972-03-10,-2.066
1972-03-17,-2.104
1972-03-24,-2.139
1972-03-31,-2.170
1972-04-07,-2.198
1972-04-14,-2.222
1972-04-21,-2.243
1972-04-28,-2.262
1972-05-05,-2.280
1972-05-12,-2.295
1972-05-19,-2.311
1972-05-26,-2.327
1972-06-02,-2.343
1972-06-09,-2.361
1972-06-16,-2.382
1972-06-23,-2.404
1972-06-30,-2.429
1972-07-07,-2.458
1972-07-14,-2.489
1972-07-21,-2.523
1972-07-28,-2.559
1972-08-04,-2.597
1972-08-11,-2.637
1972-08-18,-2.678
1972-08-25,-2.718
1972-09-01,-2.758
1972-09-08,-2.796
1972-09-15,-2.831
1972-09-22,-2.864
1972-09-29,-2.892
1972-10-06,-2.917
1972-10-13,-2.939
1972-10-20,-2.957
1972-10-27,-2.973
1972-11-03,-2.986
1972-11-10,-2.997
1972-11-17,-3.008
1972-11-24,-3.018
1972-12-01,-3.027
1972-12-08,-3.037
1972-12-15,-3.046
1972-12-22,-3.056
1972-12-29,-3.067
1973-01-05,-3.077
1973-01-12,-3.088
1973-01-19,-3.099
1973-01-26,-3.110
1973-02-02,-3.120
1973-02-09,-3.130
1973-02-16,-3.138
1973-02-23,-3.146
1973-03-02,-3.151
1973-03-09,-3.155
1973-03-16,-3.156
1973-03-23,-3.155
1973-03-30,-3.150
1973-04-06,-3.143
1973-04-13,-3.133
1973-04-20,-3.120
1973-04-27,-3.103
1973-05-04,-3.082
1973-05-11,-3.057
1973-05-18,-3.027
1973-05-25,-2.991
1973-06-01,-2.948
1973-06-08,-2.897
1973-06-15,-2.839
1973-06-22,-2.772
1973-06-29,-2.697
1973-07-06,-2.613
1973-07-13,-2.520
1973-07-20,-2.420
1973-07-27,-2.311
1973-08-03,-2.196
1973-08-10,-2.075
1973-08-17,-1.950
1973-08-24,-1.820
1973-08-31,-1.690
1973-09-07,-1.560
1973-09-14,-1.432
1973-09-21,-1.309
1973-09-28,-1.194
1973-10-05,-1.087
1973-10-12,-0.992
1973-10-19,-0.909
1973-10-26,-0.839
1973-11-02,-0.782
1973-11-09,-0.738
1973-11-16,-0.706
1973-11-23,-0.683
1973-11-30,-0.670
1973-12-07,-0.665
1973-12-14,-0.667
1973-12-21,-0.674
1973-12-28,-0.687
1974-01-04,-0.703
1974-01-11,-0.724
1974-01-18,-0.746
1974-01-25,-0.771
1974-02-01,-0.797
1974-02-08,-0.822
1974-02-15,-0.844
1974-02-22,-0.864
1974-03-01,-0.878
1974-03-08,-0.886
1974-03-15,-0.887
1974-03-22,-0.880
1974-03-29,-0.865
1974-04-05,-0.842
1974-04-12,-0.811
1974-04-19,-0.772
1974-04-26,-0.727
1974-05-03,-0.675
1974-05-10,-0.619
1974-05-17,-0.557
1974-05-24,-0.492
1974-05-31,-0.423
1974-06-07,-0.351
1974-06-14,-0.277
1974-06-21,-0.203
1974-06-28,-0.129
1974-07-05,-0.055
1974-07-12,0.017
1974-07-19,0.086
1974-07-26,0.153
1974-08-02,0.218
1974-08-09,0.280
1974-08-16,0.342
1974-08-23,0.402
1974-08-30,0.462
1974-09-06,0.522
1974-09-13,0.580
1974-09-20,0.636
1974-09-27,0.687
1974-10-04,0.734
1974-10-11,0.773
1974-10-18,0.803
1974-10-25,0.823
1974-11-01,0.833
1974-11-08,0.832
1974-11-15,0.820
1974-11-22,0.798
1974-11-29,0.765
1974-12-06,0.722
1974-12-13,0.668
1974-12-20,0.605
1974-12-27,0.531
1975-01-03,0.448
1975-01-10,0.354
1975-01-17,0.252
1975-01-24,0.140
1975-01-31,0.021
1975-02-07,-0.104
1975-02-14,-0.233
1975-02-21,-0.365
1975-02-28,-0.499
1975-03-07,-0.632
1975-03-14,-0.762
1975-03-21,-0.887
1975-03-28,-1.007
1975-04-04,-1.120
1975-04-11,-1.224
1975-04-18,-1.320
1975-04-25,-1.407
1975-05-02,-1.485
1975-05-09,-1.555
1975-05-16,-1.616
1975-05-23,-1.670
1975-05-30,-1.718
1975-06-06,-1.760
1975-06-13,-1.797
1975-06-20,-1.831
1975-06-27,-1.862
1975-07-04,-1.890
1975-07-11,-1.916
1975-07-18,-1.939
1975-07-25,-1.960
1975-08-01,-1.978
1975-08-08,-1.993
1975-08-15,-2.003
1975-08-22,-2.008
1975-08-29,-2.008
1975-09-05,-2.003
1975-09-12,-1.994
1975-09-19,-1.981
1975-09-26,-1.965
1975-10-03,-1.949
1975-10-10,-1.933
1975-10-17,-1.919
1975-10-24,-1.907
1975-10-31,-1.899
1975-11-07,-1.895
1975-11-14,-1.893
1975-11-21,-1.895
1975-11-28,-1.898
1975-12-05,-1.904
1975-12-12,-1.911
1975-12-19,-1.919
1975-12-26,-1.929
1976-01-02,-1.940
1976-01-09,-1.953
1976-01-16,-1.969
1976-01-23,-1.986
1976-01-30,-2.005
1976-02-06,-2.025
1976-02-13,-2.046
1976-02-20,-2.067
1976-02-27,-2.088
1976-03-05,-2.108
1976-03-12,-2.126
1976-03-19,-2.144
1976-03-26,-2.160
1976-04-02,-2.175
1976-04-09,-2.189
1976-04-16,-2.202
1976-04-23,-2.214
1976-04-30,-2.225
1976-05-07,-2.234
1976-05-14,-2.241
1976-05-21,-2.245
1976-05-28,-2.245
1976-06-04,-2.242
1976-06-11,-2.234
1976-06-18,-2.223
1976-06-25,-2.208
1976-07-02,-2.189
1976-07-09,-2.167
1976-07-16,-2.142
1976-07-23,-2.115
1976-07-30,-2.085
1976-08-06,-2.054
1976-08-13,-2.020
1976-08-20,-1.985
1976-08-27,-1.949
1976-09-03,-1.912
1976-09-10,-1.874
1976-09-17,-1.836
1976-09-24,-1.799
1976-10-01,-1.762
1976-10-08,-1.728
1976-10-15,-1.697
1976-10-22,-1.668
1976-10-29,-1.643
1976-11-05,-1.622
1976-11-12,-1.605
1976-11-19,-1.594
1976-11-26,-1.587
1976-12-03,-1.587
1976-12-10,-1.592
1976-12-17,-1.603
1976-12-24,-1.620
1976-12-31,-1.642
1977-01-07,-1.669
1977-01-14,-1.698
1977-01-21,-1.729
1977-01-28,-1.760
1977-02-04,-1.789
1977-02-11,-1.816
1977-02-18,-1.840
1977-02-25,-1.859
1977-03-04,-1.873
1977-03-11,-1.882
1977-03-18,-1.886
1977-03-25,-1.883
1977-04-01,-1.875
1977-04-08,-1.862
1977-04-15,-1.844
1977-04-22,-1.822
1977-04-29,-1.795
1977-05-06,-1.765
1977-05-13,-1.731
1977-05-20,-1.695
1977-05-27,-1.658
1977-06-03,-1.620
1977-06-10,-1.583
1977-06-17,-1.546
1977-06-24,-1.512
1977-07-01,-1.481
1977-07-08,-1.453
1977-07-15,-1.429
1977-07-22,-1.409
1977-07-29,-1.393
1977-08-05,-1.379
1977-08-12,-1.369
1977-08-19,-1.361
1977-08-26,-1.355
1977-09-02,-1.350
1977-09-09,-1.345
1977-09-16,-1.341
1977-09-23,-1.336
1977-09-30,-1.329
1977-10-07,-1.321
1977-10-14,-1.311
1977-10-21,-1.297
1977-10-28,-1.280
1977-11-04,-1.259
1977-11-11,-1.232
1977-11-18,-1.200
1977-11-25,-1.162
1977-12-02,-1.117
1977-12-09,-1.067
1977-12-16,-1.010
1977-12-23,-0.948
1977-12-30,-0.881
1978-01-06,-0.812
1978-01-13,-0.741
1978-01-20,-0.670
1978-01-27,-0.600
1978-02-03,-0.532
1978-02-10,-0.469
1978-02-17,-0.409
1978-02-24,-0.355
1978-03-03,-0.304
1978-03-10,-0.258
1978-03-17,-0.216
1978-03-24,-0.178
1978-03-31,-0.144
1978-04-07,-0.112
1978-04-14,-0.084
1978-04-21,-0.059
1978-04-28,-0.037
1978-05-05,-0.017
1978-05-12,0.000
1978-05-19,0.015
1978-05-26,0.028
1978-06-02,0.041
1978-06-09,0.053
1978-06-16,0.066
1978-06-23,0.079
1978-06-30,0.094
1978-07-07,0.109
1978-07-14,0.126
1978-07-21,0.142
1978-07-28,0.159
1978-08-04,0.176
1978-08-11,0.193
1978-08-18,0.209
1978-08-25,0.225
1978-09-01,0.241
1978-09-08,0.257
1978-09-15,0.275
1978-09-22,0.293
1978-09-29,0.313
1978-10-06,0.333
1978-10-13,0.355
1978-10-20,0.377
1978-10-27,0.400
1978-11-03,0.422
1978-11-10,0.445
1978-11-17,0.467
1978-11-24,0.489
1978-12-01,0.510
1978-12-08,0.531
1978-12-15,0.552
1978-12-22,0.571
1978-12-29,0.589
1979-01-05,0.605
1979-01-12,0.619
1979-01-19,0.631
1979-01-26,0.641
1979-02-02,0.648
1979-02-09,0.654
1979-02-16,0.659
1979-02-23,0.664
1979-03-02,0.670
1979-03-09,0.678
1979-03-16,0.690
1979-03-23,0.705
1979-03-30,0.723
1979-04-06,0.745
1979-04-13,0.771
1979-04-20,0.801
1979-04-27,0.834
1979-05-04,0.871
1979-05-11,0.910
1979-05-18,0.952
1979-05-25,0.997
1979-06-01,1.042
1979-06-08,1.088
1979-06-15,1.134
1979-06-22,1.177
1979-06-29,1.219
1979-07-06,1.257
1979-07-13,1.292
1979-07-20,1.323
1979-07-27,1.352
1979-08-03,1.378
1979-08-10,1.403
1979-08-17,1.428
1979-08-24,1.454
1979-08-31,1.481
1979-09-07,1.510
1979-09-14,1.540
1979-09-21,1.573
1979-09-28,1.608
1979-10-05,1.643
1979-10-12,1.679
1979-10-19,1.715
1979-10-26,1.751
1979-11-02,1.784
1979-11-09,1.815
1979-11-16,1.843
1979-11-23,1.868
1979-11-30,1.890
1979-12-07,1.908
1979-12-14,1.925
1979-12-21,1.941
1979-12-28,1.958
1980-01-04,1.978
1980-01-11,2.004
1980-01-18,2.039
1980-01-25,2.085
1980-02-01,2.146
1980-02-08,2.222
1980-02-15,2.315
1980-02-22,2.424
1980-02-29,2.549
1980-03-07,2.686
1980-03-14,2.830
1980-03-21,2.973
1980-03-28,3.111
1980-04-04,3.235
1980-04-11,3.339
1980-04-18,3.417
1980-04-25,3.465
1980-05-02,3.479
1980-05-09,3.460
1980-05-16,3.406
1980-05-23,3.321
1980-05-30,3.209
1980-06-06,3.074
1980-06-13,2.922
1980-06-20,2.759
1980-06-27,2.592
1980-07-04,2.426
1980-07-11,2.268
1980-07-18,2.122
1980-07-25,1.993
1980-08-01,1.882
1980-08-08,1.794
1980-08-15,1.726
1980-08-22,1.680
1980-08-29,1.655
1980-09-05,1.648
1980-09-12,1.658
1980-09-19,1.684
1980-09-26,1.722
1980-10-03,1.771
1980-10-10,1.828
1980-10-17,1.892
1980-10-24,1.961
1980-10-31,2.034
1980-11-07,2.110
1980-11-14,2.186
1980-11-21,2.262
1980-11-28,2.338
1980-12-05,2.411
1980-12-12,2.480
1980-12-19,2.544
1980-12-26,2.602
1981-01-02,2.651
1981-01-09,2.691
1981-01-16,2.720
1981-01-23,2.738
1981-01-30,2.745
1981-02-06,2.741
1981-02-13,2.727
1981-02-20,2.705
1981-02-27,2.677
1981-03-06,2.645
1981-03-13,2.611
1981-03-20,2.578
1981-03-27,2.549
1981-04-03,2.525
1981-04-10,2.509
1981-04-17,2.502
1981-04-24,2.504
1981-05-01,2.514
1981-05-08,2.531
1981-05-15,2.553
1981-05-22,2.576
1981-05-29,2.600
1981-06-05,2.621
1981-06-12,2.638
1981-06-19,2.652
1981-06-26,2.662
1981-07-03,2.670
1981-07-10,2.677
1981-07-17,2.685
1981-07-24,2.697
1981-07-31,2.712
1981-08-07,2.733
1981-08-14,2.760
1981-08-21,2.792
1981-08-28,2.830
1981-09-04,2.873
1981-09-11,2.922
1981-09-18,2.974
1981-09-25,3.029
1981-10-02,3.084
1981-10-09,3.139
1981-10-16,3.191
1981-10-23,3.238
1981-10-30,3.278
1981-11-06,3.310
1981-11-13,3.332
1981-11-20,3.343
1981-11-27,3.344
1981-12-04,3.336
1981-12-11,3.322
1981-12-18,3.303
1981-12-25,3.283
1982-01-01,3.265
1982-01-08,3.249
1982-01-15,3.237
1982-01-22,3.229
1982-01-29,3.226
1982-02-05,3.227
1982-02-12,3.230
1982-02-19,3.233
1982-02-26,3.236
1982-03-05,3.238
1982-03-12,3.238
1982-03-19,3.236
1982-03-26,3.232
1982-04-02,3.225
1982-04-09,3.216
1982-04-16,3.205
1982-04-23,3.192
1982-04-30,3.177
1982-05-07,3.159
1982-05-14,3.140
1982-05-21,3.120
1982-05-28,3.099
1982-06-04,3.078
1982-06-11,3.058
1982-06-18,3.040
1982-06-25,3.025
1982-07-02,3.012
1982-07-09,3.000
1982-07-16,2.990
1982-07-23,2.979
1982-07-30,2.966
1982-08-06,2.950
1982-08-13,2.930
1982-08-20,2.905
1982-08-27,2.875
1982-09-03,2.840
1982-09-10,2.799
1982-09-17,2.754
1982-09-24,2.705
1982-10-01,2.651
1982-10-08,2.593
1982-10-15,2.531
1982-10-22,2.465
1982-10-29,2.396
1982-11-05,2.322
1982-11-12,2.244
1982-11-19,2.163
1982-11-26,2.079
1982-12-03,1.991
1982-12-10,1.902
1982-12-17,1.811
1982-12-24,1.721
1982-12-31,1.631
1983-01-07,1.543
1983-01-14,1.457
1983-01-21,1.374
1983-01-28,1.294
1983-02-04,1.218
1983-02-11,1.145
1983-02-18,1.075
1983-02-25,1.006
1983-03-04,0.939
1983-03-11,0.872
1983-03-18,0.806
1983-03-25,0.741
1983-04-01,0.677
1983-04-08,0.615
1983-04-15,0.554
1983-04-22,0.496
1983-04-29,0.441
1983-05-06,0.390
1983-05-13,0.342
1983-05-20,0.299
1983-05-27,0.260
1983-06-03,0.227
1983-06-10,0.198
1983-06-17,0.174
1983-06-24,0.156
1983-07-01,0.144
1983-07-08,0.136
1983-07-15,0.135
1983-07-22,0.139
1983-07-29,0.147
1983-08-05,0.160
1983-08-12,0.176
1983-08-19,0.195
1983-08-26,0.215
1983-09-02,0.236
1983-09-09,0.256
1983-09-16,0.276
1983-09-23,0.293
1983-09-30,0.307
1983-10-07,0.318
1983-10-14,0.326
1983-10-21,0.329
1983-10-28,0.328
1983-11-04,0.324
1983-11-11,0.315
1983-11-18,0.303
1983-11-25,0.288
1983-12-02,0.269
1983-12-09,0.247
1983-12-16,0.223
1983-12-23,0.197
1983-12-30,0.167
1984-01-06,0.136
1984-01-13,0.102
1984-01-20,0.065
1984-01-27,0.027
1984-02-03,-0.012
1984-02-10,-0.053
1984-02-17,-0.093
1984-02-24,-0.132
1984-03-02,-0.169
1984-03-09,-0.202
1984-03-16,-0.230
1984-03-23,-0.254
1984-03-30,-0.271
1984-04-06,-0.283
1984-04-13,-0.288
1984-04-20,-0.287
1984-04-27,-0.280
1984-05-04,-0.267
1984-05-11,-0.248
1984-05-18,-0.223
1984-05-25,-0.192
1984-06-01,-0.154
1984-06-08,-0.110
1984-06-15,-0.062
1984-06-22,-0.009
1984-06-29,0.048
1984-07-06,0.105
1984-07-13,0.163
1984-07-20,0.220
1984-07-27,0.272
1984-08-03,0.320
1984-08-10,0.362
1984-08-17,0.397
1984-08-24,0.424
1984-08-31,0.445
1984-09-07,0.459
1984-09-14,0.467
1984-09-21,0.469
1984-09-28,0.466
1984-10-05,0.458
1984-10-12,0.445
1984-10-19,0.428
1984-10-26,0.407
1984-11-02,0.382
1984-11-09,0.352
1984-11-16,0.319
1984-11-23,0.281
1984-11-30,0.240
1984-12-07,0.197
1984-12-14,0.152
1984-12-21,0.107
1984-12-28,0.064
1985-01-04,0.022
1985-01-11,-0.015
1985-01-18,-0.047
1985-01-25,-0.073
1985-02-01,-0.092
1985-02-08,-0.104
1985-02-15,-0.108
1985-02-22,-0.105
1985-03-01,-0.096
1985-03-08,-0.080
1985-03-15,-0.059
1985-03-22,-0.035
1985-03-29,-0.008
1985-04-05,0.019
1985-04-12,0.045
1985-04-19,0.067
1985-04-26,0.085
1985-05-03,0.096
1985-05-10,0.100
1985-05-17,0.095
1985-05-24,0.083
1985-05-31,0.062
1985-06-07,0.033
1985-06-14,-0.002
1985-06-21,-0.041
1985-06-28,-0.084
1985-07-05,-0.129
1985-07-12,-0.173
1985-07-19,-0.215
1985-07-26,-0.254
1985-08-02,-0.289
1985-08-09,-0.319
1985-08-16,-0.344
1985-08-23,-0.364
1985-08-30,-0.380
1985-09-06,-0.391
1985-09-13,-0.399
1985-09-20,-0.402
1985-09-27,-0.403
1985-10-04,-0.400
1985-10-11,-0.396
1985-10-18,-0.390
1985-10-25,-0.383
1985-11-01,-0.376
1985-11-08,-0.369
1985-11-15,-0.364
1985-11-22,-0.360
1985-11-29,-0.359
1985-12-06,-0.361
1985-12-13,-0.365
1985-12-20,-0.371
1985-12-27,-0.381
1986-01-03,-0.392
1986-01-10,-0.404
1986-01-17,-0.417
1986-01-24,-0.431
1986-01-31,-0.444
1986-02-07,-0.457
1986-02-14,-0.470
1986-02-21,-0.482
1986-02-28,-0.494
1986-03-07,-0.506
1986-03-14,-0.518
1986-03-21,-0.530
1986-03-28,-0.542
1986-04-04,-0.554
1986-04-11,-0.565
1986-04-18,-0.575
1986-04-25,-0.582
1986-05-02,-0.585
1986-05-09,-0.584
1986-05-16,-0.579
1986-05-23,-0.567
1986-05-30,-0.551
1986-06-06,-0.531
1986-06-13,-0.508
1986-06-20,-0.483
1986-06-27,-0.458
1986-07-04,-0.435
1986-07-11,-0.416
1986-07-18,-0.402
1986-07-25,-0.393
1986-08-01,-0.389
1986-08-08,-0.391
1986-08-15,-0.396
1986-08-22,-0.405
1986-08-29,-0.416
1986-09-05,-0.426
1986-09-12,-0.434
1986-09-19,-0.438
1986-09-26,-0.438
1986-10-03,-0.432
1986-10-10,-0.421
1986-10-17,-0.404
1986-10-24,-0.382
1986-10-31,-0.355
1986-11-07,-0.326
1986-11-14,-0.295
1986-11-21,-0.264
1986-11-28,-0.233
1986-12-05,-0.204
1986-12-12,-0.178
1986-12-19,-0.154
1986-12-26,-0.134
1987-01-02,-0.117
1987-01-09,-0.104
1987-01-16,-0.096
1987-01-23,-0.093
1987-01-30,-0.093
1987-02-06,-0.098
1987-02-13,-0.107
1987-02-20,-0.118
1987-02-27,-0.133
1987-03-06,-0.149
1987-03-13,-0.167
1987-03-20,-0.186
1987-03-27,-0.204
1987-04-03,-0.221
1987-04-10,-0.236
1987-04-17,-0.248
1987-04-24,-0.257
1987-05-01,-0.262
1987-05-08,-0.264
1987-05-15,-0.262
1987-05-22,-0.257
1987-05-29,-0.251
1987-06-05,-0.244
1987-06-12,-0.237
1987-06-19,-0.232
1987-06-26,-0.229
1987-07-03,-0.230
1987-07-10,-0.234
1987-07-17,-0.242
1987-07-24,-0.253
1987-07-31,-0.266
1987-08-07,-0.280
1987-08-14,-0.293
1987-08-21,-0.304
1987-08-28,-0.311
1987-09-04,-0.313
1987-09-11,-0.309
1987-09-18,-0.298
1987-09-25,-0.280
1987-10-02,-0.257
1987-10-09,-0.229
1987-10-16,-0.198
1987-10-23,-0.165
1987-10-30,-0.134
1987-11-06,-0.106
1987-11-13,-0.083
1987-11-20,-0.064
1987-11-27,-0.049
1987-12-04,-0.039
1987-12-11,-0.033
1987-12-18,-0.030
1987-12-25,-0.028
1988-01-01,-0.028
1988-01-08,-0.028
1988-01-15,-0.029
1988-01-22,-0.031
1988-01-29,-0.034
1988-02-05,-0.037
1988-02-12,-0.042
1988-02-19,-0.049
1988-02-26,-0.056
1988-03-04,-0.065
1988-03-11,-0.075
1988-03-18,-0.085
1988-03-25,-0.095
1988-04-01,-0.104
1988-04-08,-0.112
1988-04-15,-0.120
1988-04-22,-0.126
1988-04-29,-0.132
1988-05-06,-0.137
1988-05-13,-0.141
1988-05-20,-0.146
1988-05-27,-0.151
1988-06-03,-0.156
1988-06-10,-0.162
1988-06-17,-0.168
1988-06-24,-0.174
1988-07-01,-0.180
1988-07-08,-0.185
1988-07-15,-0.189
1988-07-22,-0.191
1988-07-29,-0.190
1988-08-05,-0.185
1988-08-12,-0.177
1988-08-19,-0.166
1988-08-26,-0.151
1988-09-02,-0.133
1988-09-09,-0.114
1988-09-16,-0.094
1988-09-23,-0.075
1988-09-30,-0.058
1988-10-07,-0.043
1988-10-14,-0.032
1988-10-21,-0.023
1988-10-28,-0.017
1988-11-04,-0.013
1988-11-11,-0.009
1988-11-18,-0.006
1988-11-25,-0.002
1988-12-02,0.004
1988-12-09,0.011
1988-12-16,0.020
1988-12-23,0.030
1988-12-30,0.042
1989-01-06,0.053
1989-01-13,0.065
1989-01-20,0.076
1989-01-27,0.087
1989-02-03,0.099
1989-02-10,0.110
1989-02-17,0.122
1989-02-24,0.135
1989-03-03,0.150
1989-03-10,0.166
1989-03-17,0.183
1989-03-24,0.200
1989-03-31,0.218
1989-04-07,0.236
1989-04-14,0.252
1989-04-21,0.266
1989-04-28,0.279
1989-05-05,0.289
1989-05-12,0.298
1989-05-19,0.307
1989-05-26,0.314
1989-06-02,0.322
1989-06-09,0.330
1989-06-16,0.338
1989-06-23,0.346
1989-06-30,0.355
1989-07-07,0.363
1989-07-14,0.370
1989-07-21,0.378
1989-07-28,0.385
1989-08-04,0.392
1989-08-11,0.400
1989-08-18,0.409
1989-08-25,0.420
1989-09-01,0.432
1989-09-08,0.447
1989-09-15,0.463
1989-09-22,0.481
1989-09-29,0.500
1989-10-06,0.519
1989-10-13,0.538
1989-10-20,0.555
1989-10-27,0.571
1989-11-03,0.586
1989-11-10,0.598
1989-11-17,0.609
1989-11-24,0.618
1989-12-01,0.625
1989-12-08,0.631
1989-12-15,0.637
1989-12-22,0.642
1989-12-29,0.647
1990-01-05,0.653
1990-01-12,0.661
1990-01-19,0.672
1990-01-26,0.684
1990-02-02,0.699
1990-02-09,0.716
1990-02-16,0.733
1990-02-23,0.749
1990-03-02,0.764
1990-03-09,0.777
1990-03-16,0.788
1990-03-23,0.795
1990-03-30,0.800
1990-04-06,0.802
1990-04-13,0.802
1990-04-20,0.800
1990-04-27,0.797
1990-05-04,0.792
1990-05-11,0.787
1990-05-18,0.781
1990-05-25,0.774
1990-06-01,0.766
1990-06-08,0.759
1990-06-15,0.754
1990-06-22,0.750
1990-06-29,0.749
1990-07-06,0.751
1990-07-13,0.758
1990-07-20,0.771
1990-07-27,0.788
1990-08-03,0.811
1990-08-10,0.839
1990-08-17,0.872
1990-08-24,0.910
1990-08-31,0.950
1990-09-07,0.994
1990-09-14,1.039
1990-09-21,1.084
1990-09-28,1.130
1990-10-05,1.175
1990-10-12,1.217
1990-10-19,1.256
1990-10-26,1.291
1990-11-02,1.321
1990-11-09,1.344
1990-11-16,1.360
1990-11-23,1.367
1990-11-30,1.366
1990-12-07,1.356
1990-12-14,1.337
1990-12-21,1.311
1990-12-28,1.277
1991-01-04,1.236
1991-01-11,1.191
1991-01-18,1.143
1991-01-25,1.091
1991-02-01,1.037
1991-02-08,0.981
1991-02-15,0.925
1991-02-22,0.869
1991-03-01,0.814
1991-03-08,0.762
1991-03-15,0.713
1991-03-22,0.667
1991-03-29,0.625
1991-04-05,0.588
1991-04-12,0.556
1991-04-19,0.526
1991-04-26,0.501
1991-05-03,0.478
1991-05-10,0.458
1991-05-17,0.440
1991-05-24,0.424
1991-05-31,0.409
1991-06-07,0.395
1991-06-14,0.383
1991-06-21,0.371
1991-06-28,0.361
1991-07-05,0.351
1991-07-12,0.343
1991-07-19,0.336
1991-07-26,0.329
1991-08-02,0.324
1991-08-09,0.319
1991-08-16,0.314
1991-08-23,0.310
1991-08-30,0.305
1991-09-06,0.299
1991-09-13,0.292
1991-09-20,0.283
1991-09-27,0.273
1991-10-04,0.262
1991-10-11,0.249
1991-10-18,0.236
1991-10-25,0.222
1991-11-01,0.210
1991-11-08,0.199
1991-11-15,0.190
1991-11-22,0.183
1991-11-29,0.177
1991-12-06,0.172
1991-12-13,0.167
1991-12-20,0.160
1991-12-27,0.150
1992-01-03,0.136
1992-01-10,0.119
1992-01-17,0.098
1992-01-24,0.075
1992-01-31,0.050
1992-02-07,0.024
1992-02-14,-0.001
1992-02-21,-0.024
1992-02-28,-0.045
1992-03-06,-0.063
1992-03-13,-0.079
1992-03-20,-0.093
1992-03-27,-0.106
1992-04-03,-0.118
1992-04-10,-0.129
1992-04-17,-0.140
1992-04-24,-0.151
1992-05-01,-0.163
1992-05-08,-0.173
1992-05-15,-0.183
1992-05-22,-0.193
1992-05-29,-0.201
1992-06-05,-0.207
1992-06-12,-0.212
1992-06-19,-0.215
1992-06-26,-0.217
1992-07-03,-0.216
1992-07-10,-0.214
1992-07-17,-0.211
1992-07-24,-0.206
1992-07-31,-0.200
1992-08-07,-0.193
1992-08-14,-0.184
1992-08-21,-0.175
1992-08-28,-0.165
1992-09-04,-0.156
1992-09-11,-0.149
1992-09-18,-0.144
1992-09-25,-0.142
1992-10-02,-0.142
1992-10-09,-0.146
1992-10-16,-0.150
1992-10-23,-0.156
1992-10-30,-0.163
1992-11-06,-0.169
1992-11-13,-0.174
1992-11-20,-0.178
1992-11-27,-0.181
1992-12-04,-0.183
1992-12-11,-0.185
1992-12-18,-0.186
1992-12-25,-0.188
1993-01-01,-0.190
1993-01-08,-0.193
1993-01-15,-0.195
1993-01-22,-0.196
1993-01-29,-0.197
1993-02-05,-0.198
1993-02-12,-0.198
1993-02-19,-0.199
1993-02-26,-0.200
1993-03-05,-0.202
1993-03-12,-0.206
1993-03-19,-0.212
1993-03-26,-0.220
1993-04-02,-0.229
1993-04-09,-0.239
1993-04-16,-0.250
1993-04-23,-0.261
1993-04-30,-0.272
1993-05-07,-0.281
1993-05-14,-0.290
1993-05-21,-0.298
1993-05-28,-0.305
1993-06-04,-0.312
1993-06-11,-0.318
1993-06-18,-0.323
1993-06-25,-0.328
1993-07-02,-0.332
1993-07-09,-0.334
1993-07-16,-0.335
1993-07-23,-0.332
1993-07-30,-0.327
1993-08-06,-0.319
1993-08-13,-0.309
1993-08-20,-0.298
1993-08-27,-0.286
1993-09-03,-0.275
1993-09-10,-0.265
1993-09-17,-0.257
1993-09-24,-0.253
1993-10-01,-0.251
1993-10-08,-0.253
1993-10-15,-0.258
1993-10-22,-0.267
1993-10-29,-0.277
1993-11-05,-0.289
1993-11-12,-0.302
1993-11-19,-0.316
1993-11-26,-0.330
1993-12-03,-0.345
1993-12-10,-0.360
1993-12-17,-0.375
1993-12-24,-0.391
1993-12-31,-0.407
1994-01-07,-0.424
1994-01-14,-0.440
1994-01-21,-0.456
1994-01-28,-0.472
1994-02-04,-0.486
1994-02-11,-0.498
1994-02-18,-0.509
1994-02-25,-0.516
1994-03-04,-0.521
1994-03-11,-0.522
1994-03-18,-0.519
1994-03-25,-0.513
1994-04-01,-0.502
1994-04-08,-0.489
1994-04-15,-0.473
1994-04-22,-0.454
1994-04-29,-0.435
1994-05-06,-0.415
1994-05-13,-0.397
1994-05-20,-0.380
1994-05-27,-0.365
1994-06-03,-0.353
1994-06-10,-0.343
1994-06-17,-0.336
1994-06-24,-0.332
1994-07-01,-0.329
1994-07-08,-0.328
1994-07-15,-0.328
1994-07-22,-0.329
1994-07-29,-0.331
1994-08-05,-0.334
1994-08-12,-0.337
1994-08-19,-0.341
1994-08-26,-0.345
1994-09-02,-0.350
1994-09-09,-0.354
1994-09-16,-0.357
1994-09-23,-0.359
1994-09-30,-0.359
1994-10-07,-0.357
1994-10-14,-0.351
1994-10-21,-0.342
1994-10-28,-0.328
1994-11-04,-0.311
1994-11-11,-0.290
1994-11-18,-0.266
1994-11-25,-0.241
1994-12-02,-0.214
1994-12-09,-0.189
1994-12-16,-0.165
1994-12-23,-0.145
1994-12-30,-0.129
1995-01-06,-0.118
1995-01-13,-0.110
1995-01-20,-0.106
1995-01-27,-0.105
1995-02-03,-0.107
1995-02-10,-0.110
1995-02-17,-0.115
1995-02-24,-0.121
1995-03-03,-0.126
1995-03-10,-0.131
1995-03-17,-0.135
1995-03-24,-0.138
1995-03-31,-0.140
1995-04-07,-0.141
1995-04-14,-0.142
1995-04-21,-0.142
1995-04-28,-0.142
1995-05-05,-0.142
1995-05-12,-0.141
1995-05-19,-0.141
1995-05-26,-0.141
1995-06-02,-0.141
1995-06-09,-0.142
1995-06-16,-0.145
1995-06-23,-0.148
1995-06-30,-0.153
1995-07-07,-0.157
1995-07-14,-0.162
1995-07-21,-0.166
1995-07-28,-0.168
1995-08-04,-0.168
1995-08-11,-0.167
1995-08-18,-0.163
1995-08-25,-0.158
1995-09-01,-0.152
1995-09-08,-0.146
1995-09-15,-0.141
1995-09-22,-0.137
1995-09-29,-0.133
1995-10-06,-0.131
1995-10-13,-0.128
1995-10-20,-0.125
1995-10-27,-0.122
1995-11-03,-0.118
1995-11-10,-0.113
1995-11-17,-0.108
1995-11-24,-0.102
1995-12-01,-0.097
1995-12-08,-0.093
1995-12-15,-0.091
1995-12-22,-0.092
1995-12-29,-0.095
1996-01-05,-0.102
1996-01-12,-0.111
1996-01-19,-0.122
1996-01-26,-0.135
1996-02-02,-0.149
1996-02-09,-0.163
1996-02-16,-0.178
1996-02-23,-0.191
1996-03-01,-0.202
1996-03-08,-0.212
1996-03-15,-0.219
1996-03-22,-0.225
1996-03-29,-0.228
1996-04-05,-0.231
1996-04-12,-0.233
1996-04-19,-0.234
1996-04-26,-0.236
1996-05-03,-0.238
1996-05-10,-0.240
1996-05-17,-0.243
1996-05-24,-0.246
1996-05-31,-0.249
1996-06-07,-0.252
1996-06-14,-0.255
1996-06-21,-0.257
1996-06-28,-0.259
1996-07-05,-0.261
1996-07-12,-0.263
1996-07-19,-0.264
1996-07-26,-0.266
1996-08-02,-0.267
1996-08-09,-0.269
1996-08-16,-0.272
1996-08-23,-0.273
1996-08-30,-0.275
1996-09-06,-0.275
1996-09-13,-0.274
1996-09-20,-0.271
1996-09-27,-0.267
1996-10-04,-0.262
1996-10-11,-0.256
1996-10-18,-0.251
1996-10-25,-0.246
1996-11-01,-0.242
1996-11-08,-0.240
1996-11-15,-0.239
1996-11-22,-0.239
1996-11-29,-0.240
1996-12-06,-0.241
1996-12-13,-0.242
1996-12-20,-0.242
1996-12-27,-0.241
1997-01-03,-0.238
1997-01-10,-0.235
1997-01-17,-0.231
1997-01-24,-0.227
1997-01-31,-0.223
1997-02-07,-0.219
1997-02-14,-0.216
1997-02-21,-0.213
1997-02-28,-0.210
1997-03-07,-0.207
1997-03-14,-0.205
1997-03-21,-0.204
1997-03-28,-0.203
1997-04-04,-0.204
1997-04-11,-0.205
1997-04-18,-0.207
1997-04-25,-0.209
1997-05-02,-0.211
1997-05-09,-0.213
1997-05-16,-0.213
1997-05-23,-0.211
1997-05-30,-0.208
1997-06-06,-0.203
1997-06-13,-0.198
1997-06-20,-0.194
1997-06-27,-0.191
1997-07-04,-0.189
1997-07-11,-0.190
1997-07-18,-0.193
1997-07-25,-0.197
1997-08-01,-0.203
1997-08-08,-0.209
1997-08-15,-0.215
1997-08-22,-0.221
1997-08-29,-0.226
1997-09-05,-0.230
1997-09-12,-0.233
1997-09-19,-0.234
1997-09-26,-0.233
1997-10-03,-0.229
1997-10-10,-0.223
1997-10-17,-0.214
1997-10-24,-0.201
1997-10-31,-0.185
1997-11-07,-0.167
1997-11-14,-0.147
1997-11-21,-0.127
1997-11-28,-0.110
1997-12-05,-0.096
1997-12-12,-0.088
1997-12-19,-0.087
1997-12-26,-0.092
1998-01-02,-0.104
1998-01-09,-0.120
1998-01-16,-0.139
1998-01-23,-0.158
1998-01-30,-0.174
1998-02-06,-0.187
1998-02-13,-0.195
1998-02-20,-0.199
1998-02-27,-0.199
1998-03-06,-0.196
1998-03-13,-0.192
1998-03-20,-0.189
1998-03-27,-0.186
1998-04-03,-0.185
1998-04-10,-0.184
1998-04-17,-0.183
1998-04-24,-0.180
1998-05-01,-0.174
1998-05-08,-0.165
1998-05-15,-0.153
1998-05-22,-0.138
1998-05-29,-0.122
1998-06-05,-0.104
1998-06-12,-0.088
1998-06-19,-0.074
1998-06-26,-0.063
1998-07-03,-0.055
1998-07-10,-0.051
1998-07-17,-0.047
1998-07-24,-0.044
1998-07-31,-0.037
1998-08-07,-0.028
1998-08-14,-0.013
1998-08-21,0.007
1998-08-28,0.031
1998-09-04,0.058
1998-09-11,0.088
1998-09-18,0.118
1998-09-25,0.147
1998-10-02,0.174
1998-10-09,0.198
1998-10-16,0.220
1998-10-23,0.238
1998-10-30,0.251
1998-11-06,0.260
1998-11-13,0.264
1998-11-20,0.263
1998-11-27,0.256
1998-12-04,0.243
1998-12-11,0.225
1998-12-18,0.202
1998-12-25,0.174
1999-01-01,0.144
1999-01-08,0.113
1999-01-15,0.083
1999-01-22,0.056
1999-01-29,0.031
1999-02-05,0.009
1999-02-12,-0.008
1999-02-19,-0.023
1999-02-26,-0.034
1999-03-05,-0.043
1999-03-12,-0.049
1999-03-19,-0.054
1999-03-26,-0.057
1999-04-02,-0.060
1999-04-09,-0.063
1999-04-16,-0.065
1999-04-23,-0.067
1999-04-30,-0.069
1999-05-07,-0.069
1999-05-14,-0.069
1999-05-21,-0.068
1999-05-28,-0.065
1999-06-04,-0.062
1999-06-11,-0.058
1999-06-18,-0.053
1999-06-25,-0.048
1999-07-02,-0.043
1999-07-09,-0.037
1999-07-16,-0.031
1999-07-23,-0.025
1999-07-30,-0.020
1999-08-06,-0.014
1999-08-13,-0.008
1999-08-20,-0.003
1999-08-27,0.001
1999-09-03,0.004
1999-09-10,0.006
1999-09-17,0.008
1999-09-24,0.008
1999-10-01,0.009
1999-10-08,0.011
1999-10-15,0.014
1999-10-22,0.019
1999-10-29,0.028
1999-11-05,0.038
1999-11-12,0.052
1999-11-19,0.066
1999-11-26,0.081
1999-12-03,0.094
1999-12-10,0.104
1999-12-17,0.107
1999-12-24,0.105
1999-12-31,0.097
2000-01-07,0.084
2000-01-14,0.068
2000-01-21,0.052
2000-01-28,0.039
2000-02-04,0.030
2000-02-11,0.025
2000-02-18,0.025
2000-02-25,0.030
2000-03-03,0.039
2000-03-10,0.051
2000-03-17,0.064
2000-03-24,0.078
2000-03-31,0.092
2000-04-07,0.104
2000-04-14,0.116
2000-04-21,0.126
2000-04-28,0.136
2000-05-05,0.145
2000-05-12,0.155
2000-05-19,0.165
2000-05-26,0.176
2000-06-02,0.187
2000-06-09,0.197
2000-06-16,0.206
2000-06-23,0.214
2000-06-30,0.221
2000-07-07,0.225
2000-07-14,0.227
2000-07-21,0.228
2000-07-28,0.228
2000-08-04,0.226
2000-08-11,0.222
2000-08-18,0.219
2000-08-25,0.215
2000-09-01,0.211
2000-09-08,0.208
2000-09-15,0.207
2000-09-22,0.208
2000-09-29,0.214
2000-10-06,0.225
2000-10-13,0.242
2000-10-20,0.267
2000-10-27,0.300
2000-11-03,0.341
2000-11-10,0.387
2000-11-17,0.438
2000-11-24,0.490
2000-12-01,0.539
2000-12-08,0.581
2000-12-15,0.611
2000-12-22,0.626
2000-12-29,0.626
2001-01-05,0.613
2001-01-12,0.591
2001-01-19,0.564
2001-01-26,0.534
2001-02-02,0.505
2001-02-09,0.477
2001-02-16,0.454
2001-02-23,0.434
2001-03-02,0.418
2001-03-09,0.404
2001-03-16,0.390
2001-03-23,0.375
2001-03-30,0.358
2001-04-06,0.339
2001-04-13,0.319
2001-04-20,0.297
2001-04-27,0.276
2001-05-04,0.256
2001-05-11,0.239
2001-05-18,0.225
2001-05-25,0.216
2001-06-01,0.210
2001-06-08,0.208
2001-06-15,0.208
2001-06-22,0.208
2001-06-29,0.207
2001-07-06,0.205
2001-07-13,0.202
2001-07-20,0.197
2001-07-27,0.192
2001-08-03,0.189
2001-08-10,0.189
2001-08-17,0.193
2001-08-24,0.202
2001-08-31,0.216
2001-09-07,0.234
2001-09-14,0.254
2001-09-21,0.273
2001-09-28,0.290
2001-10-05,0.303
2001-10-12,0.312
2001-10-19,0.315
2001-10-26,0.316
2001-11-02,0.313
2001-11-09,0.308
2001-11-16,0.303
2001-11-23,0.298
2001-11-30,0.293
2001-12-07,0.288
2001-12-14,0.280
2001-12-21,0.269
2001-12-28,0.254
2002-01-04,0.235
2002-01-11,0.213
2002-01-18,0.192
2002-01-25,0.171
2002-02-01,0.154
2002-02-08,0.140
2002-02-15,0.130
2002-02-22,0.122
2002-03-01,0.116
2002-03-08,0.109
2002-03-15,0.101
2002-03-22,0.090
2002-03-29,0.077
2002-04-05,0.060
2002-04-12,0.040
2002-04-19,0.019
2002-04-26,-0.002
2002-05-03,-0.021
2002-05-10,-0.036
2002-05-17,-0.044
2002-05-24,-0.045
2002-05-31,-0.039
2002-06-07,-0.026
2002-06-14,-0.006
2002-06-21,0.018
2002-06-28,0.044
2002-07-05,0.071
2002-07-12,0.097
2002-07-19,0.119
2002-07-26,0.138
2002-08-02,0.154
2002-08-09,0.165
2002-08-16,0.174
2002-08-23,0.180
2002-08-30,0.185
2002-09-06,0.189
2002-09-13,0.192
2002-09-20,0.194
2002-09-27,0.196
2002-10-04,0.197
2002-10-11,0.196
2002-10-18,0.193
2002-10-25,0.188
2002-11-01,0.182
2002-11-08,0.175
2002-11-15,0.168
2002-11-22,0.160
2002-11-29,0.151
2002-12-06,0.143
2002-12-13,0.132
2002-12-20,0.120
2002-12-27,0.105
2003-01-03,0.089
2003-01-10,0.073
2003-01-17,0.057
2003-01-24,0.044
2003-01-31,0.033
2003-02-07,0.025
2003-02-14,0.019
2003-02-21,0.014
2003-02-28,0.008
2003-03-07,0.002
2003-03-14,-0.006
2003-03-21,-0.016
2003-03-28,-0.027
2003-04-04,-0.038
2003-04-11,-0.049
2003-04-18,-0.058
2003-04-25,-0.064
2003-05-02,-0.066
2003-05-09,-0.066
2003-05-16,-0.063
2003-05-23,-0.060
2003-05-30,-0.059
2003-06-06,-0.060
2003-06-13,-0.066
2003-06-20,-0.076
2003-06-27,-0.090
2003-07-04,-0.108
2003-07-11,-0.127
2003-07-18,-0.146
2003-07-25,-0.163
2003-08-01,-0.177
2003-08-08,-0.187
2003-08-15,-0.194
2003-08-22,-0.198
2003-08-29,-0.201
2003-09-05,-0.202
2003-09-12,-0.204
2003-09-19,-0.206
2003-09-26,-0.210
2003-10-03,-0.216
2003-10-10,-0.223
2003-10-17,-0.231
2003-10-24,-0.239
2003-10-31,-0.246
2003-11-07,-0.252
2003-11-14,-0.257
2003-11-21,-0.261
2003-11-28,-0.265
2003-12-05,-0.270
2003-12-12,-0.276
2003-12-19,-0.284
2003-12-26,-0.293
2004-01-02,-0.304
2004-01-09,-0.315
2004-01-16,-0.324
2004-01-23,-0.332
2004-01-30,-0.337
2004-02-06,-0.339
2004-02-13,-0.338
2004-02-20,-0.337
2004-02-27,-0.335
2004-03-05,-0.333
2004-03-12,-0.334
2004-03-19,-0.336
2004-03-26,-0.340
2004-04-02,-0.346
2004-04-09,-0.352
2004-04-16,-0.356
2004-04-23,-0.359
2004-04-30,-0.358
2004-05-07,-0.354
2004-05-14,-0.348
2004-05-21,-0.341
2004-05-28,-0.333
2004-06-04,-0.326
2004-06-11,-0.319
2004-06-18,-0.314
2004-06-25,-0.311
2004-07-02,-0.307
2004-07-09,-0.304
2004-07-16,-0.301
2004-07-23,-0.296
2004-07-30,-0.290
2004-08-06,-0.283
2004-08-13,-0.274
2004-08-20,-0.265
2004-08-27,-0.256
2004-09-03,-0.248
2004-09-10,-0.242
2004-09-17,-0.238
2004-09-24,-0.237
2004-10-01,-0.238
2004-10-08,-0.240
2004-10-15,-0.245
2004-10-22,-0.249
2004-10-29,-0.254
2004-11-05,-0.258
2004-11-12,-0.261
2004-11-19,-0.262
2004-11-26,-0.262
2004-12-03,-0.260
2004-12-10,-0.257
2004-12-17,-0.253
2004-12-24,-0.249
2004-12-31,-0.245
2005-01-07,-0.242
2005-01-14,-0.240
2005-01-21,-0.238
2005-01-28,-0.239
2005-02-04,-0.240
2005-02-11,-0.241
2005-02-18,-0.242
2005-02-25,-0.241
2005-03-04,-0.239
2005-03-11,-0.234
2005-03-18,-0.226
2005-03-25,-0.215
2005-04-01,-0.201
2005-04-08,-0.186
2005-04-15,-0.169
2005-04-22,-0.152
2005-04-29,-0.137
2005-05-06,-0.124
2005-05-13,-0.114
2005-05-20,-0.107
2005-05-27,-0.104
2005-06-03,-0.103
2005-06-10,-0.104
2005-06-17,-0.107
2005-06-24,-0.110
2005-07-01,-0.113
2005-07-08,-0.115
2005-07-15,-0.115
2005-07-22,-0.114
2005-07-29,-0.113
2005-08-05,-0.110
2005-08-12,-0.107
2005-08-19,-0.105
2005-08-26,-0.103
2005-09-02,-0.103
2005-09-09,-0.105
2005-09-16,-0.108
2005-09-23,-0.113
2005-09-30,-0.118
2005-10-07,-0.124
2005-10-14,-0.130
2005-10-21,-0.135
2005-10-28,-0.138
2005-11-04,-0.140
2005-11-11,-0.140
2005-11-18,-0.138
2005-11-25,-0.134
2005-12-02,-0.129
2005-12-09,-0.124
2005-12-16,-0.119
2005-12-23,-0.114
2005-12-30,-0.110
2006-01-06,-0.107
2006-01-13,-0.107
2006-01-20,-0.107
2006-01-27,-0.110
2006-02-03,-0.113
2006-02-10,-0.117
2006-02-17,-0.122
2006-02-24,-0.127
2006-03-03,-0.132
2006-03-10,-0.137
2006-03-17,-0.141
2006-03-24,-0.145
2006-03-31,-0.147
2006-04-07,-0.148
2006-04-14,-0.148
2006-04-21,-0.147
2006-04-28,-0.146
2006-05-05,-0.144
2006-05-12,-0.143
2006-05-19,-0.141
2006-05-26,-0.140
2006-06-02,-0.138
2006-06-09,-0.136
2006-06-16,-0.133
2006-06-23,-0.129
2006-06-30,-0.124
2006-07-07,-0.118
2006-07-14,-0.111
2006-07-21,-0.104
2006-07-28,-0.098
2006-08-04,-0.092
2006-08-11,-0.086
2006-08-18,-0.082
2006-08-25,-0.077
2006-09-01,-0.074
2006-09-08,-0.071
2006-09-15,-0.068
2006-09-22,-0.065
2006-09-29,-0.062
2006-10-06,-0.058
2006-10-13,-0.054
2006-10-20,-0.050
2006-10-27,-0.046
2006-11-03,-0.042
2006-11-10,-0.039
2006-11-17,-0.036
2006-11-24,-0.036
2006-12-01,-0.038
2006-12-08,-0.043
2006-12-15,-0.051
2006-12-22,-0.061
2006-12-29,-0.072
2007-01-05,-0.083
2007-01-12,-0.094
2007-01-19,-0.102
2007-01-26,-0.108
2007-02-02,-0.110
2007-02-09,-0.110
2007-02-16,-0.106
2007-02-23,-0.100
2007-03-02,-0.093
2007-03-09,-0.086
2007-03-16,-0.079
2007-03-23,-0.073
2007-03-30,-0.070
2007-04-06,-0.068
2007-04-13,-0.069
2007-04-20,-0.072
2007-04-27,-0.079
2007-05-04,-0.088
2007-05-11,-0.100
2007-05-18,-0.114
2007-05-25,-0.128
2007-06-01,-0.141
2007-06-08,-0.149
2007-06-15,-0.150
2007-06-22,-0.141
2007-06-29,-0.118
2007-07-06,-0.081
2007-07-13,-0.030
2007-07-20,0.036
2007-07-27,0.111
2007-08-03,0.192
2007-08-10,0.272
2007-08-17,0.342
2007-08-24,0.397
2007-08-31,0.431
2007-09-07,0.444
2007-09-14,0.436
2007-09-21,0.412
2007-09-28,0.383
2007-10-05,0.355
2007-10-12,0.334
2007-10-19,0.328
2007-10-26,0.338
2007-11-02,0.364
2007-11-09,0.404
2007-11-16,0.452
2007-11-23,0.504
2007-11-30,0.553
2007-12-07,0.595
2007-12-14,0.627
2007-12-21,0.650
2007-12-28,0.667
2008-01-04,0.681
2008-01-11,0.700
2008-01-18,0.726
2008-01-25,0.763
2008-02-01,0.809
2008-02-08,0.867
2008-02-15,0.930
2008-02-22,0.993
2008-02-29,1.048
2008-03-07,1.089
2008-03-14,1.109
2008-03-21,1.104
2008-03-28,1.075
2008-04-04,1.026
2008-04-11,0.964
2008-04-18,0.896
2008-04-25,0.832
2008-05-02,0.777
2008-05-09,0.738
2008-05-16,0.716
2008-05-23,0.713
2008-05-30,0.726
2008-06-06,0.753
2008-06-13,0.786
2008-06-20,0.822
2008-06-27,0.857
2008-07-04,0.882
2008-07-11,0.898
2008-07-18,0.904
2008-07-25,0.905
2008-08-01,0.906
2008-08-08,0.915
2008-08-15,0.938
2008-08-22,0.985
2008-08-29,1.057
2008-09-05,1.157
2008-09-12,1.284
2008-09-19,1.440
2008-09-26,1.608
2008-10-03,1.785
2008-10-10,1.965
2008-10-17,2.135
2008-10-24,2.293
2008-10-31,2.436
2008-11-07,2.560
2008-11-14,2.666
2008-11-21,2.748
2008-11-28,2.790
2008-12-05,2.792
2008-12-12,2.749
2008-12-19,2.664
2008-12-26,2.547
2009-01-02,2.423
2009-01-09,2.294
2009-01-16,2.181
2009-01-23,2.089
2009-01-30,2.024
2009-02-06,1.988
2009-02-13,1.979
2009-02-20,1.988
2009-02-27,2.004
2009-03-06,2.015
2009-03-13,2.007
2009-03-20,1.974
2009-03-27,1.917
2009-04-03,1.838
2009-04-10,1.737
2009-04-17,1.626
2009-04-24,1.509
2009-05-01,1.391
2009-05-08,1.280
2009-05-15,1.182
2009-05-22,1.098
2009-05-29,1.030
2009-06-05,0.974
2009-06-12,0.930
2009-06-19,0.896
2009-06-26,0.863
2009-07-03,0.827
2009-07-10,0.787
2009-07-17,0.741
2009-07-24,0.689
2009-07-31,0.637
2009-08-07,0.590
2009-08-14,0.548
2009-08-21,0.509
2009-08-28,0.475
2009-09-04,0.443
2009-09-11,0.414
2009-09-18,0.387
2009-09-25,0.365
2009-10-02,0.349
2009-10-09,0.335
2009-10-16,0.323
2009-10-23,0.313
2009-10-30,0.303
2009-11-06,0.289
2009-11-13,0.269
2009-11-20,0.244
2009-11-27,0.211
2009-12-04,0.172
2009-12-11,0.128
2009-12-18,0.085
2009-12-25,0.046
2010-01-01,0.017
2010-01-08,-0.001
2010-01-15,-0.006
2010-01-22,0.000
2010-01-29,0.010
2010-02-05,0.019
2010-02-12,0.023
2010-02-19,0.016
2010-02-26,-0.002
2010-03-05,-0.030
2010-03-12,-0.065
2010-03-19,-0.100
2010-03-26,-0.133
2010-04-02,-0.156
2010-04-09,-0.165
2010-04-16,-0.157
2010-04-23,-0.132
2010-04-30,-0.092
2010-05-07,-0.040
2010-05-14,0.015
2010-05-21,0.068
2010-05-28,0.110
2010-06-04,0.139
2010-06-11,0.154
2010-06-18,0.152
2010-06-25,0.140
2010-07-02,0.121
2010-07-09,0.097
2010-07-16,0.072
2010-07-23,0.052
2010-07-30,0.037
2010-08-06,0.028
2010-08-13,0.026
2010-08-20,0.026
2010-08-27,0.025
2010-09-03,0.019
2010-09-10,0.006
2010-09-17,-0.013
2010-09-24,-0.038
2010-10-01,-0.068
2010-10-08,-0.102
2010-10-15,-0.136
2010-10-22,-0.168
2010-10-29,-0.198
2010-11-05,-0.223
2010-11-12,-0.242
2010-11-19,-0.259
2010-11-26,-0.273
2010-12-03,-0.287
2010-12-10,-0.303
2010-12-17,-0.320
2010-12-24,-0.337
2010-12-31,-0.355
2011-01-07,-0.370
2011-01-14,-0.385
2011-01-21,-0.397
2011-01-28,-0.406
2011-02-04,-0.410
2011-02-11,-0.408
2011-02-18,-0.402
2011-02-25,-0.392
2011-03-04,-0.381
2011-03-11,-0.372
2011-03-18,-0.364
2011-03-25,-0.362
2011-04-01,-0.363
2011-04-08,-0.366
2011-04-15,-0.370
2011-04-22,-0.372
2011-04-29,-0.373
2011-05-06,-0.369
2011-05-13,-0.362
2011-05-20,-0.353
2011-05-27,-0.343
2011-06-03,-0.333
2011-06-10,-0.325
2011-06-17,-0.318
2011-06-24,-0.313
2011-07-01,-0.305
2011-07-08,-0.292
2011-07-15,-0.270
2011-07-22,-0.238
2011-07-29,-0.194
2011-08-05,-0.141
2011-08-12,-0.082
2011-08-19,-0.024
2011-08-26,0.029
2011-09-02,0.072
2011-09-09,0.105
2011-09-16,0.125
2011-09-23,0.134
2011-09-30,0.132
2011-10-07,0.123
2011-10-14,0.107
2011-10-21,0.094
2011-10-28,0.084
2011-11-04,0.083
2011-11-11,0.088
2011-11-18,0.098
2011-11-25,0.108
2011-12-02,0.113
2011-12-09,0.112
2011-12-16,0.104
2011-12-23,0.087
2011-12-30,0.062
2012-01-06,0.031
2012-01-13,-0.003
2012-01-20,-0.038
2012-01-27,-0.069
2012-02-03,-0.095
2012-02-10,-0.115
2012-02-17,-0.129
2012-02-24,-0.141
2012-03-02,-0.150
2012-03-09,-0.156
2012-03-16,-0.162
2012-03-23,-0.163
2012-03-30,-0.160
2012-04-06,-0.150
2012-04-13,-0.134
2012-04-20,-0.113
2012-04-27,-0.086
2012-05-04,-0.055
2012-05-11,-0.021
2012-05-18,0.013
2012-05-25,0.041
2012-06-01,0.062
2012-06-08,0.075
2012-06-15,0.078
2012-06-22,0.074
2012-06-29,0.064
2012-07-06,0.049
2012-07-13,0.034
2012-07-20,0.016
2012-07-27,-0.001
2012-08-03,-0.019
2012-08-10,-0.036
2012-08-17,-0.053
2012-08-24,-0.071
2012-08-31,-0.088
2012-09-07,-0.106
2012-09-14,-0.122
2012-09-21,-0.136
2012-09-28,-0.144
2012-10-05,-0.149
2012-10-12,-0.149
2012-10-19,-0.144
2012-10-26,-0.136
2012-11-02,-0.127
2012-11-09,-0.119
2012-11-16,-0.114
2012-11-23,-0.115
2012-11-30,-0.121
2012-12-07,-0.131
2012-12-14,-0.147
2012-12-21,-0.164
2012-12-28,-0.180
2013-01-04,-0.197
2013-01-11,-0.211
2013-01-18,-0.222
2013-01-25,-0.230
2013-02-01,-0.235
2013-02-08,-0.238
2013-02-15,-0.241
2013-02-22,-0.243
2013-03-01,-0.247
2013-03-08,-0.252
2013-03-15,-0.261
2013-03-22,-0.271
2013-03-29,-0.284
2013-04-05,-0.300
2013-04-12,-0.317
2013-04-19,-0.335
2013-04-26,-0.352
2013-05-03,-0.366
2013-05-10,-0.374
2013-05-17,-0.376
2013-05-24,-0.371
2013-05-31,-0.361
2013-06-07,-0.348
2013-06-14,-0.334
2013-06-21,-0.322
2013-06-28,-0.313
2013-07-05,-0.309
2013-07-12,-0.309
2013-07-19,-0.312
2013-07-26,-0.316
2013-08-02,-0.320
2013-08-09,-0.323
2013-08-16,-0.324
2013-08-23,-0.324
2013-08-30,-0.324
2013-09-06,-0.326
2013-09-13,-0.329
2013-09-20,-0.333
2013-09-27,-0.340
2013-10-04,-0.348
2013-10-11,-0.358
2013-10-18,-0.370
2013-10-25,-0.381
2013-11-01,-0.392
2013-11-08,-0.402
2013-11-15,-0.412
2013-11-22,-0.420
2013-11-29,-0.428
2013-12-06,-0.434
2013-12-13,-0.438
2013-12-20,-0.440
2013-12-27,-0.440
2014-01-03,-0.436
2014-01-10,-0.431
2014-01-17,-0.424
2014-01-24,-0.417
2014-01-31,-0.411
2014-02-07,-0.407
2014-02-14,-0.405
2014-02-21,-0.404
2014-02-28,-0.403
2014-03-07,-0.400
2014-03-14,-0.396
2014-03-21,-0.391
2014-03-28,-0.384
2014-04-04,-0.378
2014-04-11,-0.372
2014-04-18,-0.367
2014-04-25,-0.364
2014-05-02,-0.362
2014-05-09,-0.363
2014-05-16,-0.366
2014-05-23,-0.370
2014-05-30,-0.376
2014-06-06,-0.380
2014-06-13,-0.383
2014-06-20,-0.384
2014-06-27,-0.383
2014-07-04,-0.380
2014-07-11,-0.375
2014-07-18,-0.369
2014-07-25,-0.362
2014-08-01,-0.355
2014-08-08,-0.348
2014-08-15,-0.341
2014-08-22,-0.332
2014-08-29,-0.321
2014-09-05,-0.309
2014-09-12,-0.295
2014-09-19,-0.281
2014-09-26,-0.268
2014-10-03,-0.259
2014-10-10,-0.253
2014-10-17,-0.250
2014-10-24,-0.250
2014-10-31,-0.251
2014-11-07,-0.252
2014-11-14,-0.251
2014-11-21,-0.246
2014-11-28,-0.237
2014-12-05,-0.224
2014-12-12,-0.207
2014-12-19,-0.188
2014-12-26,-0.170
2015-01-02,-0.151
2015-01-09,-0.136
2015-01-16,-0.123
2015-01-23,-0.115
2015-01-30,-0.112
2015-02-06,-0.112
2015-02-13,-0.116
2015-02-20,-0.121
2015-02-27,-0.127
2015-03-06,-0.132
2015-03-13,-0.136
2015-03-20,-0.139
2015-03-27,-0.140
2015-04-03,-0.140
2015-04-10,-0.140
2015-04-17,-0.139
2015-04-24,-0.138
2015-05-01,-0.136
2015-05-08,-0.134
2015-05-15,-0.132
2015-05-22,-0.130
2015-05-29,-0.128
2015-06-05,-0.125
2015-06-12,-0.121
2015-06-19,-0.116
2015-06-26,-0.109
2015-07-03,-0.100
2015-07-10,-0.088
2015-07-17,-0.074
2015-07-24,-0.056
2015-07-31,-0.037
2015-08-07,-0.017
2015-08-14,0.003
2015-08-21,0.021
2015-08-28,0.037
2015-09-04,0.049
2015-09-11,0.056
2015-09-18,0.060
2015-09-25,0.061
2015-10-02,0.059
2015-10-09,0.054
2015-10-16,0.049
2015-10-23,0.046
2015-10-30,0.046
2015-11-06,0.051
2015-11-13,0.061
2015-11-20,0.075
2015-11-27,0.094
2015-12-04,0.115
2015-12-11,0.140
2015-12-18,0.166
2015-12-25,0.193
2016-01-01,0.218
2016-01-08,0.241
2016-01-15,0.261
2016-01-22,0.277
2016-01-29,0.287
2016-02-05,0.291
2016-02-12,0.288
2016-02-19,0.276
2016-02-26,0.257
2016-03-04,0.234
2016-03-11,0.210
2016-03-18,0.187
2016-03-25,0.168
2016-04-01,0.154
2016-04-08,0.145
2016-04-15,0.141
2016-04-22,0.140
2016-04-29,0.144
2016-05-06,0.150
2016-05-13,0.156
2016-05-20,0.163
2016-05-27,0.169
2016-06-03,0.174
2016-06-10,0.177
2016-06-17,0.179
2016-06-24,0.178
2016-07-01,0.173
2016-07-08,0.165
2016-07-15,0.154
2016-07-22,0.142
2016-07-29,0.131
2016-08-05,0.122
2016-08-12,0.117
2016-08-19,0.116
2016-08-26,0.119
2016-09-02,0.126
2016-09-09,0.133
2016-09-16,0.140
2016-09-23,0.145
2016-09-30,0.147
2016-10-07,0.145
2016-10-14,0.140
2016-10-21,0.132
2016-10-28,0.121
2016-11-04,0.109
2016-11-11,0.096
2016-11-18,0.082
2016-11-25,0.069
2016-12-02,0.056
2016-12-09,0.044
2016-12-16,0.033
2016-12-23,0.023
2016-12-30,0.012
2017-01-06,0.003
2017-01-13,-0.007
2017-01-20,-0.015
2017-01-27,-0.022
2017-02-03,-0.027
2017-02-10,-0.030
2017-02-17,-0.030
2017-02-24,-0.028
2017-03-03,-0.025
2017-03-10,-0.020
2017-03-17,-0.017
2017-03-24,-0.014
2017-03-31,-0.014
2017-04-07,-0.015
2017-04-14,-0.017
2017-04-21,-0.020
2017-04-28,-0.023
2017-05-05,-0.026
2017-05-12,-0.030
2017-05-19,-0.033
2017-05-26,-0.039
2017-06-02,-0.044
2017-06-09,-0.051
2017-06-16,-0.058
2017-06-23,-0.064
2017-06-30,-0.071
2017-07-07,-0.076
2017-07-14,-0.081
2017-07-21,-0.083
2017-07-28,-0.083
2017-08-04,-0.080
2017-08-11,-0.076
2017-08-18,-0.072
2017-08-25,-0.069
2017-09-01,-0.068
2017-09-08,-0.070
2017-09-15,-0.074
2017-09-22,-0.080
2017-09-29,-0.087
2017-10-06,-0.095
2017-10-13,-0.102
2017-10-20,-0.107
2017-10-27,-0.110
2017-11-03,-0.110
2017-11-10,-0.108
2017-11-17,-0.104
2017-11-24,-0.101
2017-12-01,-0.098
2017-12-08,-0.096
2017-12-15,-0.096
2017-12-22,-0.099
2017-12-29,-0.102
2018-01-05,-0.107
2018-01-12,-0.110
2018-01-19,-0.112
2018-01-26,-0.111
2018-02-02,-0.106
2018-02-09,-0.098
2018-02-16,-0.087
2018-02-23,-0.075
2018-03-02,-0.063
2018-03-09,-0.051
2018-03-16,-0.041
2018-03-23,-0.035
2018-03-30,-0.032
2018-04-06,-0.032
2018-04-13,-0.036
2018-04-20,-0.042
2018-04-27,-0.048
2018-05-04,-0.055
2018-05-11,-0.060
2018-05-18,-0.065
2018-05-25,-0.068
2018-06-01,-0.069
2018-06-08,-0.070
2018-06-15,-0.070
2018-06-22,-0.069
2018-06-29,-0.068
2018-07-06,-0.069
2018-07-13,-0.070
2018-07-20,-0.072
2018-07-27,-0.075
2018-08-03,-0.078
2018-08-10,-0.081
2018-08-17,-0.084
2018-08-24,-0.087
2018-08-31,-0.089
2018-09-07,-0.092
2018-09-14,-0.094
2018-09-21,-0.094
2018-09-28,-0.094
2018-10-05,-0.091
2018-10-12,-0.087
2018-10-19,-0.080
2018-10-26,-0.070
2018-11-02,-0.058
2018-11-09,-0.042
2018-11-16,-0.024
2018-11-23,-0.005
2018-11-30,0.015
2018-12-07,0.032
2018-12-14,0.044
2018-12-21,0.052
2018-12-28,0.053
2019-01-04,0.047
2019-01-11,0.037
2019-01-18,0.023
2019-01-25,0.007
2019-02-01,-0.008
2019-02-08,-0.021
2019-02-15,-0.031
2019-02-22,-0.039
2019-03-01,-0.043
2019-03-08,-0.046
2019-03-15,-0.048
2019-03-22,-0.049
2019-03-29,-0.050
2019-04-05,-0.051
2019-04-12,-0.052
2019-04-19,-0.052
2019-04-26,-0.051
2019-05-03,-0.049
2019-05-10,-0.045
2019-05-17,-0.040
2019-05-24,-0.036
2019-05-31,-0.032
2019-06-07,-0.030
2019-06-14,-0.028
2019-06-21,-0.027
2019-06-28,-0.026
2019-07-05,-0.024
2019-07-12,-0.021
2019-07-19,-0.016
2019-07-26,-0.010
2019-08-02,-0.001
2019-08-09,0.008
2019-08-16,0.017
2019-08-23,0.025
2019-08-30,0.031
2019-09-06,0.034
2019-09-13,0.033
2019-09-20,0.030
2019-09-27,0.024
2019-10-04,0.016
2019-10-11,0.007
2019-10-18,-0.001
2019-10-25,-0.009
2019-11-01,-0.015
2019-11-08,-0.018
2019-11-15,-0.020
2019-11-22,-0.020
2019-11-29,-0.020
2019-12-06,-0.022
2019-12-13,-0.026
2019-12-20,-0.035
2019-12-27,-0.048
2020-01-03,-0.063
2020-01-10,-0.080
2020-01-17,-0.092
2020-01-24,-0.097
2020-01-31,-0.088
2020-02-07,-0.061
2020-02-14,-0.011
2020-02-21,0.061
2020-02-28,0.156
2020-03-06,0.263
2020-03-13,0.375
2020-03-20,0.479
2020-03-27,0.558
2020-04-03,0.611
2020-04-10,0.635
2020-04-17,0.629
2020-04-24,0.600
2020-05-01,0.553
2020-05-08,0.493
2020-05-15,0.428
2020-05-22,0.361
2020-05-29,0.299
2020-06-05,0.245
2020-06-12,0.202
2020-06-19,0.169
2020-06-26,0.143
2020-07-03,0.122
2020-07-10,0.103
2020-07-17,0.085
2020-07-24,0.068
2020-07-31,0.050
2020-08-07,0.033
2020-08-14,0.018
2020-08-21,0.006
2020-08-28,-0.003
2020-09-04,-0.008
2020-09-11,-0.009
2020-09-18,-0.009
2020-09-25,-0.008
2020-10-02,-0.008
2020-10-09,-0.011
2020-10-16,-0.014
2020-10-23,-0.020
2020-10-30,-0.028
2020-11-06,-0.037
2020-11-13,-0.047
2020-11-20,-0.056
2020-11-27,-0.065
2020-12-04,-0.073
2020-12-11,-0.080
2020-12-18,-0.086
2020-12-25,-0.092
2021-01-01,-0.099
2021-01-08,-0.105
2021-01-15,-0.111
2021-01-22,-0.117
2021-01-29,-0.121
2021-02-05,-0.126
2021-02-12,-0.129
2021-02-19,-0.133
2021-02-26,-0.136
2021-03-05,-0.141
2021-03-12,-0.146
2021-03-19,-0.151
2021-03-26,-0.158
2021-04-02,-0.165
2021-04-09,-0.173
2021-04-16,-0.179
2021-04-23,-0.184
2021-04-30,-0.187
2021-05-07,-0.189
2021-05-14,-0.187
2021-05-21,-0.185
2021-05-28,-0.181
2021-06-04,-0.177
2021-06-11,-0.173
2021-06-18,-0.169
2021-06-25,-0.166
2021-07-02,-0.162
2021-07-09,-0.158
2021-07-16,-0.153
2021-07-23,-0.149
2021-07-30,-0.145
2021-08-06,-0.141
2021-08-13,-0.138
2021-08-20,-0.136
2021-08-27,-0.136
2021-09-03,-0.136
2021-09-10,-0.137
2021-09-17,-0.139
2021-09-24,-0.140
2021-10-01,-0.140
2021-10-08,-0.139
2021-10-15,-0.137
2021-10-22,-0.134
2021-10-29,-0.130
2021-11-05,-0.125
2021-11-12,-0.119
2021-11-19,-0.114
2021-11-26,-0.108
2021-12-03,-0.104
2021-12-10,-0.101
2021-12-17,-0.099
2021-12-24,-0.097
2021-12-31,-0.094
2022-01-07,-0.089
2022-01-14,-0.082
2022-01-21,-0.072
2022-01-28,-0.059
2022-02-04,-0.043
2022-02-11,-0.026
2022-02-18,-0.008
2022-02-25,0.009
2022-03-04,0.025
2022-03-11,0.038
2022-03-18,0.049
2022-03-25,0.056
2022-04-01,0.062
2022-04-08,0.067
2022-04-15,0.072
2022-04-22,0.079
2022-04-29,0.088
2022-05-06,0.098
2022-05-13,0.111
2022-05-20,0.126
2022-05-27,0.143
2022-06-03,0.160
2022-06-10,0.177
2022-06-17,0.192
2022-06-24,0.202
2022-07-01,0.208
2022-07-08,0.207
2022-07-15,0.201
2022-07-22,0.192
2022-07-29,0.181
2022-08-05,0.171
2022-08-12,0.165
2022-08-19,0.164
2022-08-26,0.170
2022-09-02,0.180
2022-09-09,0.194
2022-09-16,0.211
2022-09-23,0.227
2022-09-30,0.240
2022-10-07,0.248
2022-10-14,0.250
2022-10-21,0.247
2022-10-28,0.239
2022-11-04,0.229
2022-11-11,0.217
2022-11-18,0.207
2022-11-25,0.200
2022-12-02,0.195
2022-12-09,0.192
2022-12-16,0.190
2022-12-23,0.187
2022-12-30,0.182
2023-01-06,0.175
2023-01-13,0.166
2023-01-20,0.158
2023-01-27,0.150
2023-02-03,0.145
2023-02-10,0.144
2023-02-17,0.147
2023-02-24,0.156
2023-03-03,0.168
2023-03-10,0.182
2023-03-17,0.197
2023-03-24,0.209
2023-03-31,0.217
2023-04-07,0.220
2023-04-14,0.220
2023-04-21,0.217
2023-04-28,0.212
2023-05-05,0.205
2023-05-12,0.198
2023-05-19,0.190
2023-05-26,0.182
2023-06-02,0.174
2023-06-09,0.168
2023-06-16,0.163
2023-06-23,0.158
2023-06-30,0.154
2023-07-07,0.151
2023-07-14,0.147
2023-07-21,0.143
2023-07-28,0.139
2023-08-04,0.136
2023-08-11,0.133
2023-08-18,0.130
2023-08-25,0.128
2023-09-01,0.127
2023-09-08,0.128
2023-09-15,0.129
2023-09-22,0.131
2023-09-29,0.133
2023-10-06,0.135
2023-10-13,0.135
2023-10-20,0.134
2023-10-27,0.130
2023-11-03,0.125
2023-11-10,0.117
2023-11-17,0.109
2023-11-24,0.100
2023-12-01,0.091
2023-12-08,0.083
2023-12-15,0.074
2023-12-22,0.066
2023-12-29,0.058
2024-01-05,0.051
2024-01-12,0.044
2024-01-19,0.037
2024-01-26,0.031
2024-02-02,0.025
2024-02-09,0.020
2024-02-16,0.015
2024-02-23,0.010
2024-03-01,0.007
2024-03-08,0.004
2024-03-15,0.002
2024-03-22,0.000
2024-03-29,-0.001
2024-04-05,-0.001
2024-04-12,-0.002
2024-04-19,-0.003
2024-04-26,-0.005
2024-05-03,-0.008
2024-05-10,-0.011
2024-05-17,-0.013
2024-05-24,-0.014
2024-05-31,-0.015
2024-06-07,-0.013
2024-06-14,-0.011
2024-06-21,-0.008
2024-06-28,-0.005
2024-07-05,-0.002
2024-07-12,0.001
2024-07-19,0.003
2024-07-26,0.005
2024-08-02,0.007
2024-08-09,0.007
2024-08-16,0.005
2024-08-23,0.002
2024-08-30,-0.003
2024-09-06,-0.009
2024-09-13,-0.015
2024-09-20,-0.023
2024-09-27,-0.031
2024-10-04,-0.039
2024-10-11,-0.047
2024-10-18,-0.055
2024-10-25,-0.062
2024-11-01,-0.068
2024-11-08,-0.073
2024-11-15,-0.076
2024-11-22,-0.078
2024-11-29,-0.078
2024-12-06,-0.076
2024-12-13,-0.074
2024-12-20,-0.071
2024-12-27,-0.069
2025-01-03,-0.068
2025-01-10,-0.067
2025-01-17,-0.067
2025-01-24,-0.066
2025-01-31,-0.065
2025-02-07,-0.061
2025-02-14,-0.055
2025-02-21,-0.047
2025-02-28,-0.036
2025-03-07,-0.024
2025-03-14,-0.011
2025-03-21,0.001
2025-03-28,0.011
2025-04-04,0.018
2025-04-11,0.022
2025-04-18,0.021
2025-04-25,0.017
2025-05-02,0.011
2025-05-09,0.002
2025-05-16,-0.008
2025-05-23,-0.016
2025-05-30,-0.023
2025-06-06,-0.029
2025-06-13,-0.033
2025-06-20,-0.036
2025-06-27,-0.039
2025-07-04,-0.042
2025-07-11,-0.044
2025-07-18,-0.046
2025-07-25,-0.048
2025-08-01,-0.049
2025-08-08,-0.050
2025-08-15,-0.050
2025-08-22,-0.049
2025-08-29,-0.048
2025-09-05,-0.046
2025-09-12,-0.044
2025-09-19,-0.042
2025-09-26,-0.041
2025-10-03,-0.039
2025-10-10,-0.037
2025-10-17,-0.034
2025-10-24,-0.031
2025-10-31,-0.027
2025-11-07,-0.022
2025-11-14,-0.017
2025-11-21,-0.013
2025-11-28,-0.010
2025-12-05,-0.008
2025-12-12,-0.009
2025-12-19,-0.012
2025-12-26,-0.018
2026-01-02,-0.025
2026-01-09,-0.032
2026-01-16,-0.038
2026-01-23,-0.041
2026-01-30,-0.041
2026-02-06,-0.037
2026-02-13,-0.031
2026-02-20,-0.023
2026-02-27,-0.014
2026-03-06,-0.006
2026-03-13,0.001
2026-03-20,0.005
2026-03-27,0.005
2026-04-03,0.002
2026-04-10,-0.002
2026-04-17,-0.008
2026-04-24,-0.014
2026-05-01,-0.018
2026-05-08,-0.022
2026-05-15,-0.024
2026-05-22,-0.025
2026-05-29,-0.026
2026-06-05,-0.026
2026-06-12,-0.026
2026-06-19,-0.027
2026-06-26,-0.030
2026-07-03,-0.033
2026-07-10,-0.036
2026-07-17,-0.039
2026-07-24,-0.042
2026-07-31,-0.045
