date,orcl
1986-03,0.0640
1986-04,0.0772
1986-05,0.0725
1986-06,0.0752
1986-07,0.0478
1986-08,0.0509
1986-09,0.0440
1986-10,0.0556
1986-11,0.0664
1986-12,0.0640
1987-01,0.0833
1987-02,0.1188
1987-03,0.1358
1987-04,0.1451
1987-05,0.1682
1987-06,0.1373
1987-07,0.1404
1987-08,0.1651
1987-09,0.2006
1987-10,0.1543
1987-11,0.1343
1987-12,0.1790
1988-01,0.1728
1988-02,0.1867
1988-03,0.2006
1988-04,0.2068
1988-05,0.2068
1988-06,0.2438
1988-07,0.2346
1988-08,0.2284
1988-09,0.2485
1988-10,0.1944
1988-11,0.2130
1988-12,0.2407
1989-01,0.2917
1989-02,0.2778
1989-03,0.2978
1989-04,0.3580
1989-05,0.3765
1989-06,0.3673
1989-07,0.3796
1989-08,0.4630
1989-09,0.5833
1989-10,0.5741
1989-11,0.5926
1989-12,0.5772
1990-01,0.5309
1990-02,0.5525
1990-03,0.4660
1990-04,0.3920
1990-05,0.4877
1990-06,0.5710
1990-07,0.4167
1990-08,0.2870
1990-09,0.1605
1990-10,0.1327
1990-11,0.1944
1990-12,0.1944
1991-01,0.2222
1991-02,0.2222
1991-03,0.2222
1991-04,0.2284
1991-05,0.1852
1991-06,0.2099
1991-07,0.2253
1991-08,0.2778
1991-09,0.3302
1991-10,0.3889
1991-11,0.3333
1991-12,0.3580
1992-01,0.4568
1992-02,0.4938
1992-03,0.3333
1992-04,0.3426
1992-05,0.3673
1992-06,0.3765
1992-07,0.4599
1992-08,0.4321
1992-09,0.4938
1992-10,0.5494
1992-11,0.5494
1992-12,0.7006
1993-01,0.8025
1993-02,0.8086
1993-03,0.9074
1993-04,0.8796
1993-05,1.0309
1993-06,1.2160
1993-07,1.2438
1993-08,1.2716
1993-09,1.5154
1993-10,1.4630
1993-11,1.5617
1993-12,1.4198
1994-01,1.5864
1994-02,1.6296
1994-03,1.5864
1994-04,1.4753
1994-05,1.6914
1994-06,1.8519
1994-07,1.8889
1994-08,2.1080
1994-09,2.1235
1994-10,2.2716
1994-11,2.0370
1994-12,2.1790
1995-01,2.1049
1995-02,2.3241
1995-03,2.3148
1995-04,2.2593
1995-05,2.5741
1995-06,2.8611
1995-07,3.1019
1995-08,2.9722
1995-09,2.8426
1995-10,3.2315
1995-11,3.3611
1995-12,3.1389
1996-01,3.5370
1996-02,3.8519
1996-03,3.4907
1996-04,3.7500
1996-05,3.6806
1996-06,4.3819
1996-07,4.3472
1996-08,3.9167
1996-09,4.7292
1996-10,4.7014
1996-11,5.4444
1996-12,4.6389
1997-01,4.3194
1997-02,4.3611
1997-03,4.2847
1997-04,4.4167
1997-05,5.1806
1997-06,5.5972
1997-07,6.0486
1997-08,6.3542
1997-09,6.0729
1997-10,5.9635
1997-11,5.5521
1997-12,3.7188
1998-01,3.8750
1998-02,4.1042
1998-03,5.2604
1998-04,4.3125
1998-05,3.9375
1998-06,4.0938
1998-07,4.4167
1998-08,3.3229
1998-09,4.8542
1998-10,4.9271
1998-11,5.7083
1998-12,7.1875
1999-01,9.2292
1999-02,9.3125
1999-03,6.5938
1999-04,6.7656
1999-05,6.2031
1999-06,9.2813
1999-07,9.5156
1999-08,9.1250
1999-09,11.3750
1999-10,11.8906
1999-11,16.9531
1999-12,28.0156
2000-01,24.9766
2000-02,37.1250
2000-03,39.0313
2000-04,39.9688
2000-05,35.9375
2000-06,42.0313
2000-07,37.5938
2000-08,45.4688
2000-09,39.3750
2000-10,33.0000
2000-11,26.5000
2000-12,29.0625
2001-01,29.1250
2001-02,19.0000
2001-03,14.6300
2001-04,16.1600
2001-05,15.3000
2001-06,19.0000
2001-07,18.0800
2001-08,12.2100
2001-09,12.5800
2001-10,13.5600
2001-11,14.0300
2001-12,13.8100
2002-01,17.2600
2002-02,16.6200
2002-03,12.8000
2002-04,10.0400
2002-05,7.9200
2002-06,9.4700
2002-07,10.0100
2002-08,9.5900
2002-09,7.8600
2002-10,10.1900
2002-11,12.1500
2002-12,10.8000
2003-01,12.0300
2003-02,11.9600
2003-03,10.8500
2003-04,11.8800
2003-05,13.0100
2003-06,12.0100
2003-07,11.9900
2003-08,12.8300
2003-09,11.2500
2003-10,11.9700
2003-11,12.0200
2003-12,13.2300
2004-01,13.8600
2004-02,12.8700
2004-03,12.0000
2004-04,11.2500
2004-05,11.4000
2004-06,11.9300
2004-07,10.5100
2004-08,9.9700
2004-09,11.2800
2004-10,12.6600
2004-11,12.7400
2004-12,13.7200
2005-01,13.7700
2005-02,12.9500
2005-03,12.4800
2005-04,11.5600
2005-05,12.8000
2005-06,13.2000
2005-07,13.5700
2005-08,12.9900
2005-09,12.4000
2005-10,12.6800
2005-11,12.6000
2005-12,12.2100
2006-01,12.5700
2006-02,12.4200
2006-03,13.6900
2006-04,14.5900
2006-05,14.2200
2006-06,14.4900
2006-07,14.9700
2006-08,15.6600
2006-09,17.7400
2006-10,18.4700
2006-11,19.0500
2006-12,17.1400
2007-01,17.1600
2007-02,16.4300
2007-03,18.1300
2007-04,18.8000
2007-05,19.3800
2007-06,19.7100
2007-07,19.1200
2007-08,20.2800
2007-09,21.6500
2007-10,22.1700
2007-11,20.1800
2007-12,22.5800
2008-01,20.5500
2008-02,18.8000
2008-03,19.5600
2008-04,20.8500
2008-05,22.8400
2008-06,21.0000
2008-07,21.5300
2008-08,21.9300
2008-09,20.3100
2008-10,18.2900
2008-11,16.0900
2008-12,17.7300
2009-01,16.8300
2009-02,15.5400
2009-03,18.0700
2009-04,19.3400
2009-05,19.5900
2009-06,21.4200
2009-07,22.1300
2009-08,21.8800
2009-09,20.8400
2009-10,21.1000
2009-11,22.0800
2009-12,24.5300
2010-01,23.0600
2010-02,24.6500
2010-03,25.7100
2010-04,25.8700
2010-05,22.5700
2010-06,21.4600
2010-07,23.6400
2010-08,21.8400
2010-09,26.8500
2010-10,29.3800
2010-11,27.0500
2010-12,31.3000
2011-01,32.0300
2011-02,32.9000
2011-03,33.4300
2011-04,35.9600
2011-05,34.2200
2011-06,32.9100
2011-07,30.5800
2011-08,28.0700
2011-09,28.7400
2011-10,32.7700
2011-11,31.3500
2011-12,25.6500
2012-01,28.2100
2012-02,29.2500
2012-03,29.1600
2012-04,29.4000
2012-05,26.4700
2012-06,29.7000
2012-07,30.2000
2012-08,31.6500
2012-09,31.4600
2012-10,31.0800
2012-11,32.1800
2012-12,33.3200
2013-01,35.5100
2013-02,34.2400
2013-03,32.3300
2013-04,32.7800
2013-05,33.7800
2013-06,30.7100
2013-07,32.3500
2013-08,31.8600
2013-09,33.1700
2013-10,33.5000
2013-11,35.2900
2013-12,38.2600
2014-01,36.9000
2014-02,39.1100
2014-03,40.9100
2014-04,40.8800
2014-05,42.0200
2014-06,40.5300
2014-07,40.3900
2014-08,41.5300
2014-09,38.2800
2014-10,39.0500
2014-11,42.4100
2014-12,44.9700
2015-01,41.8900
2015-02,43.8200
2015-03,43.1500
2015-04,43.6200
2015-05,43.4900
2015-06,40.3000
2015-07,39.9400
2015-08,37.0900
2015-09,36.1200
2015-10,38.8400
2015-11,38.9700
2015-12,36.5300
2016-01,36.3100
2016-02,36.7800
2016-03,40.9100
2016-04,39.8600
2016-05,40.2000
2016-06,40.9300
2016-07,41.0400
2016-08,41.2200
2016-09,39.2800
2016-10,38.4200
2016-11,40.1900
2016-12,38.4500
2017-01,40.1100
2017-02,42.5900
2017-03,44.6100
2017-04,44.9600
2017-05,45.3900
2017-06,50.1400
2017-07,49.9300
2017-08,50.3300
2017-09,48.3500
2017-10,50.9000
2017-11,49.0600
2017-12,47.2800
2018-01,51.5900
2018-02,50.6700
2018-03,45.7500
2018-04,45.6700
2018-05,46.7200
2018-06,44.0600
2018-07,47.6800
2018-08,48.5800
2018-09,51.5600
2018-10,48.8400
2018-11,48.7600
2018-12,45.1500
2019-01,50.2300
2019-02,52.1300
2019-03,53.7100
2019-04,55.3300
2019-05,50.6000
2019-06,56.9700
2019-07,56.3000
2019-08,52.0600
2019-09,55.0300
2019-10,54.4900
2019-11,56.1400
2019-12,52.9800
2020-01,52.4500
2020-02,49.4600
2020-03,48.3300
2020-04,52.9700
2020-05,53.7700
2020-06,55.2700
2020-07,55.4500
2020-08,57.2200
2020-09,59.7000
2020-10,56.1100
2020-11,57.7200
2020-12,64.6900
2021-01,60.4300
2021-02,64.5100
2021-03,70.1700
2021-04,75.7900
2021-05,78.7400
2021-06,77.8400
2021-07,87.1400
2021-08,89.1300
2021-09,87.1300
2021-10,95.9400
2021-11,90.7400
2021-12,87.2100
2022-01,81.1600
2022-02,75.9700
2022-03,82.7300
2022-04,73.4000
2022-05,71.9200
2022-06,69.8700
2022-07,77.8400
2022-08,74.1500
2022-09,61.0700
2022-10,78.0700
2022-11,83.0300
2022-12,81.7400
2023-01,88.4600
2023-02,87.4000
2023-03,92.9200
2023-04,94.7200
2023-05,105.9400
2023-06,119.0900
2023-07,117.2300
2023-08,120.3900
2023-09,105.9200
2023-10,103.4000
2023-11,116.2100
2023-12,105.4300
2024-01,111.7000
2024-02,111.6800
2024-03,125.6100
2024-04,113.7500
2024-05,117.1900
2024-06,141.2000
2024-07,139.4500
2024-08,141.2900
2024-09,170.4000
2024-10,167.8400
2024-11,184.8400
2024-12,166.6400
2025-01,170.0600
2025-02,166.0600
2025-03,139.8100
2025-04,140.7200
2025-05,165.5300
2025-06,218.6300
2025-07,253.7700
2025-08,226.1300
2025-09,281.2400
2025-10,262.6100
2025-11,201.9500
2025-12,194.9100
2026-01,164.5800
2026-02,145.4000
2026-03,147.1100
2026-04,161.3900
2026-05,225.7800
2026-06,146.5500
2026-07,129.8700
2026-08,149.1200
